300174,元力股份,化工,网络游戏;福建自贸区;高价;循环经济;化工;石油、化学、塑胶、塑料;福建;原材料;
002035,华帝股份,家电,再融资;深股通;明星基金;定向增发;太阳能;家用电器;机械、设备、仪表;广东;耐用消费品与服装;
002093,国脉科技,通信服务,云计算;海西概念;4G5G;中证500;转融券;大数据;物联网;IPV6;深股通;虚拟运营商;三网融合;融资融券;通信;信息技术业;福建;软件与服务;
002351,漫步者,电子元器件,汇金持股;智能穿戴;中价;电子;电子;广东;耐用消费品与服装;
300028,金亚科技,电子设备,网络游戏;博彩概念;数字电视;重组并购;手机游戏;成渝特区;电子竞技;智慧城市;虚拟运营商;物联网;三网融合;电子支付;虚拟现实;智能穿戴;通信;信息技术业;四川;耐用消费品与服装;
002205,国统股份,建材,PPP概念;西部开发;国资委整合;一带一路;海绵城市;水利;基金增仓;大订单;汇金持股;建筑材料;金属、非金属;新疆;资本货物;
002286,保龄宝,食品饮料,参股金融;股权转让;在线教育;特种药;汇金持股;中价;金融改革;农林牧渔;食品、饮料;山东;食品、饮料与烟草;
300015,爱尔眼科,医疗服务,增持回购;融资融券;健康中国;明星基金;民营医院;沪深300;QFII持股;再融资;转融券;深成500;深股通;定向增发;中概股回归;医药生物;社会服务业;湖南;医疗保健设备与服务;
002314,雅致股份,房地产,重组并购;深股通;中盘;海洋工程;港股通;汇金持股;港股通(深);广东自贸区;建筑材料;建筑业;广东;房地产;
000040,深鸿基,房地产,广东自贸区;太阳能;定向增发;中盘;再融资;房地产;房地产业;广东;公用事业;
002037,久联发展,化工,西部开发;社保重仓;大订单;地方国资整合;中盘;高校概念;航天军工;化工;石油、化学、塑胶、塑料;贵州;原材料;
300061,康耐特,轻工产品,智能穿戴;汇金持股;金融IC卡;增持回购;券商重仓;轻工制造;其他制造业;上海;医疗保健设备与服务;
002038,双鹭药业,生物制品,汇金持股;深股通;中证500;港股通;新三板;深成500;融资融券;民营医院;转融券;港股通(深);特种药;基金增仓;央视50;医药生物;医药、生物制品;北京;制药与生物科技;
002166,莱茵生物,生物制品,电子商务;参股金融;特种药;汇金持股;农村金融;抗病毒;医药生物;医药、生物制品;广西;食品、饮料与烟草;
300168,万达信息,软件及系统,在线教育;大订单;融资融券;电子商务;健康中国;重组并购;养老概念;深证100;智慧城市;沪深300;深股通;深成500;转融券;物联网;计算机;信息技术业;上海;软件与服务;
002488,金固股份,汽车配件,深成500;中价;中盘;深股通;智能汽车;汽车;机械、设备、仪表;浙江;汽车与汽车零部件;
300113,顺网科技,互联网,4G5G;TMT概念;网络游戏;明星基金;中证500;虚拟现实;国家安全;移动软件;电子竞技;网红经济;再融资;深成500;云计算;股权投资;深股通;金融改革;博彩概念;定向增发;传媒;信息技术业;浙江;软件与服务;
002169,智光电气,电气设备,能源互联网;深股通;高送转;智能电网;电气设备;机械、设备、仪表;广东;资本货物;
000016,深康佳Ａ,家电,华侨城系;港股通;预盈预增;低价;重组并购;港股通(深);国资委整合;三网融合;数字电视;智能穿戴;家用电器;电子;广东;耐用消费品与服装;
002290,禾盛新材,家电,增持回购;举牌;家用电器;机械、设备、仪表;江苏;耐用消费品与服装;
000017,*ST中华A,摩托自行车,深投系;港股通;港股通(深);定向增发;智慧城市;共享经济;预盈预增;再融资;汽车;机械、设备、仪表;广东;耐用消费品与服装;
002162,斯米克,建材,重组并购;参股金融;迪士尼;国际板;健康中国;涉矿概念;养老概念;特种药;汇金持股;沪台通;建筑材料;金属、非金属;上海;资本货物;
002468,艾迪西,仓储物流,深股通;QFII持股;智慧城市;基金增仓;交通运输;机械、设备、仪表;浙江;运输;
002363,隆基机械,汽车配件,再融资;电子商务;定向增发;充电桩;汽车;机械、设备、仪表;山东;汽车与汽车零部件;
000031,中粮地产,房地产,汇金持股;融资融券;保障房;国资委整合;混改;广东自贸区;中证500;新三板;深成500;转融券;深股通;房地产;房地产业;广东;房地产;
300125,易世达,工程建筑,预亏预减;举牌;振兴东北;汇金持股;太阳能;节能环保;公用事业;社会服务业;辽宁;公用事业;
002036,宜科科技,电子元器件,深股通;深成500;虚拟现实;操盘手80;生物识别;基金增仓;AR概念;员工持股;智能穿戴;新材料;航天军工;纺织服装;纺织、服装、皮毛;浙江;技术硬件与设备;
300147,香雪制药,中药,参股金融;广东自贸区;特种药;融资融券;中证500;深成500;转融券;抗病毒;汇金持股;深股通;医药生物;医药、生物制品;广东;制药与生物科技;
002234,民和股份,牧渔,生态农业;基金重仓;新三板;农林牧渔;农、林、牧、渔业;山东;食品、饮料与烟草;
002498,汉缆股份,电气设备,低价;智能电网;新材料;中证500;量子通信;深成500;深股通;电气设备;机械、设备、仪表;山东;资本货物;
002261,拓维信息,通信服务,股权投资;中证500;4G5G;深股通;深成500;博彩概念;网络游戏;电子支付;参股金融;移动软件;在线教育;转融券;融资融券;虚拟运营商;新媒体;智能手机;手机游戏;TMT概念;传媒;信息技术业;湖南;软件与服务;
300030,阳普医疗,医疗服务,定向增发;PPP概念;汇金持股;基金增仓;再融资;健康中国;智慧城市;医药生物;机械、设备、仪表;广东;医疗保健设备与服务;
300139,福星晓程,电子元器件,再融资;智慧城市;智能电网;PPP概念;定向增发;汇金持股;电子;电子;北京;技术硬件与设备;
002550,千红制药,生物制品,增持回购;深成500;中盘;深股通;民营医院;券商重仓;医药生物;医药、生物制品;江苏;制药与生物科技;
002103,广博股份,轻工产品,电子支付;电子商务;网红经济;虚拟现实;中价;明星基金;轻工制造;造纸、印刷;浙江;商业和专业服务;
002030,达安基因,生物制品,深股通;中证500;新三板;深证100;深成500;抗病毒;融资融券;民营医院;国资委整合;转融券;特种药;汇金持股;员工持股;精准医疗;高校概念;食品安全;股权激励;医药生物;医药、生物制品;广东;制药与生物科技;
002362,汉王科技,软件及系统,智能制造;人脑工程;汇金持股;智能穿戴;新媒体;生物识别;计算机;电子;北京;耐用消费品与服装;
002106,莱宝高科,电子元器件,深股通;深成500;智能穿戴;融资融券;新材料;基金增仓;中证500;智能手机;QFII持股;转融券;电子;电子;广东;技术硬件与设备;
002077,大港股份,房地产,太阳能;中价;节能环保;锂电池;新三板;地方国资整合;房地产;房地产业;江苏;房地产;
000004,ST国农,生物制品,银河系;北大系;壳资源;预盈预增;港股通;举牌;港股通(深);医药生物;医药、生物制品;广东;制药与生物科技;
002266,浙富股份,电气设备,股权投资;中证500;一带一路;深股通;低价;深成500;大订单;转融券;融资融券;汇金持股;循环经济;金融改革;节能环保;电子商务;核电核能;电气设备;机械、设备、仪表;浙江;资本货物;
300037,新宙邦,化工,QFII持股;深股通;超级电容;汇金持股;深成500;中盘;基金增仓;新能源汽车;锂电池;化工;石油、化学、塑胶、塑料;广东;原材料;
002126,银轮股份,汽车配件,中盘;量子通信;节能环保;PM2.5;券商重仓;深股通;新三板;金融改革;汽车;机械、设备、仪表;浙江;汽车与汽车零部件;
002129,中环股份,复合材料,融资融券;新材料;重组并购;转融券;深证100;汇金持股;深成500;沪深300;天津国资整合;太阳能;券商重仓;蓝宝石;股权激励;深股通;新三板;电子;电子;天津;半导体与半导体生产设备;
002446,盛路通信,通信设备,深股通;智能汽车;北斗导航;汇金持股;4G5G;移动软件;航天军工;地理信息;三网融合;通信;信息技术业;广东;技术硬件与设备;
300072,三聚环保,化工,深成500;大盘;PPP概念;王亚伟概念;节能环保;高价;深股通;PM2.5;深证100;预盈预增;沪深300;转融券;美丽中国;汇金持股;融资融券;化工;石油、化学、塑胶、塑料;北京;原材料;
002374,丽鹏股份,园林工程,美丽中国;PPP概念;大订单;新媒体;轻工制造;金属、非金属;山东;原材料;
300064,豫金刚石,复合材料,新材料;深股通;机械设备;金属、非金属;河南;原材料;
002497,雅化集团,化工,深股通;汇金持股;成渝特区;中盘;锂电池;航天军工;化工;石油、化学、塑胶、塑料;四川;原材料;
002117,东港股份,包装印刷,明星基金;博彩概念;电子支付;转融券;汇金持股;深股通;金融IC卡;融资融券;电子商务;轻工制造;造纸、印刷;山东;商业和专业服务;
002381,双箭股份,塑胶制品,养老概念;化工;石油、化学、塑胶、塑料;浙江;汽车与汽车零部件;
002341,新纶科技,化工,锂电池;深股通;智能穿戴;新材料;股权激励;石墨烯;券商重仓;员工持股;公用事业;石油、化学、塑胶、塑料;广东;原材料;
002474,榕基软件,软件及系统,中盘;国家安全;智慧城市;物联网;深股通;转融券;去IOE概念;融资融券;深成500;员工持股;虚拟现实;计算机;信息技术业;福建;软件与服务;
002043,兔宝宝,木材家具,操盘手80;节能环保;电子商务;明星基金;股权激励;深成500;基金增仓;美丽中国;深股通;建筑材料;木材、家具;浙江;原材料;
002536,西泵股份,汽车配件,汇金持股;汽车;机械、设备、仪表;河南;汽车与汽车零部件;
300153,科泰电源,电气设备,新能源汽车;储能概念;汇金持股;深股通;核电核能;中价;充电桩;基金增仓;电气设备;机械、设备、仪表;上海;资本货物;
002090,金智科技,电气设备,能源互联网;新三板;风能;社保重仓;大订单;智慧城市;深股通;智能电网;参股金融;电气设备;机械、设备、仪表;江苏;资本货物;
002552,宝鼎重工,船舶制造,航天军工;金融改革;新材料;机械设备;机械、设备、仪表;浙江;资本货物;
002499,科林环保,环境保护,PM2.5;美丽中国;股权转让;节能环保;大订单;太阳能;机械设备;机械、设备、仪表;江苏;资本货物;
002437,誉衡药业,医药制造,深股通;转融券;新三板;特种药;融资融券;中证500;深成500;振兴东北;汇金持股;电子商务;医药生物;医药、生物制品;黑龙江;制药与生物科技;
300163,先锋新材,建材,电子商务;新材料;节能环保;化工;其他制造业;浙江;原材料;
002260,伊立浦,家电,无人机;股权转让;深股通;明星基金;员工持股;重组并购;中盘;通用航空;家用电器;机械、设备、仪表;广东;耐用消费品与服装;
300114,中航电测,电子元器件,国资委整合;航天军工;智能汽车;汇金持股;大飞机;机械设备;电子;陕西;技术硬件与设备;
002185,华天科技,电子元器件,深股通;汇金持股;深成500;融资融券;涉矿概念;新三板;基金增仓;土地流转;金融IC卡;LED;转融券;明星基金;高送转;电子;电子;甘肃;半导体与半导体生产设备;
002247,帝龙新材,工程建筑,预盈预增;手机游戏;轻工制造;其他制造业;浙江;耐用消费品与服装;
300121,阳谷华泰,化工,定向增发;油改概念;基金增仓;汇金持股;再融资;预盈预增;化工;石油、化学、塑胶、塑料;山东;原材料;
300162,雷曼光电,电子元器件,电子商务;LED;虚拟现实;体育概念;电子;电子;广东;技术硬件与设备;
002057,中钢天源,复合材料,重组并购;新材料;稀土永磁;安徽自贸区;中价;国资委整合;债转股;有色金属;石油、化学、塑胶、塑料;安徽;原材料;
002454,松芝股份,汽车配件,定向增发;深股通;汇金持股;再融资;汽车;机械、设备、仪表;上海;汽车与汽车零部件;
002078,太阳纸业,造纸,再融资;定向增发;电子商务;操盘手80;股权转让;基金增仓;深股通;中证500;养老概念;婴童概念;融资融券;深成500;转融券;轻工制造;造纸、印刷;山东;原材料;
300035,中科电气,专用设备,高送转;中价;石墨烯;节能环保;锂电池;机械设备;机械、设备、仪表;湖南;资本货物;
002163,中航三鑫,工程建筑,国资委整合;节能环保;中航系;新三板;新材料;航天军工;汇金持股;太阳能;建筑材料;建筑业;广东;资本货物;
002541,鸿路钢构,金属制品,汇金持股;智慧城市;大订单;保障房;安徽自贸区;建筑装饰;金属、非金属;安徽;原材料;
002396,星网锐捷,通信设备,转融券;三网融合;宽带中国;地方国资整合;网红经济;云计算;中证500;电子支付;深股通;IPV6;重组并购;移动软件;去IOE概念;电子商务;深成500;融资融券;虚拟现实;智慧城市;4G5G;汇金持股;通信;信息技术业;福建;技术硬件与设备;
300023,宝德股份,多元金融,预亏预减;西部开发;页岩气;海洋工程;汇金持股;机械设备;机械、设备、仪表;陕西;综合金融;
300173,松德股份,轻工机械,新材料;汇金持股;员工持股;智能制造;中价;大订单;重组并购;航天军工;机械设备;机械、设备、仪表;广东;资本货物;
300021,大禹节水,塑胶制品,节能环保;大订单;农业机械;西部开发;土地流转;PPP概念;水利;美丽中国;基金增仓;高送转;农林牧渔;石油、化学、塑胶、塑料;甘肃;原材料;
002048,宁波华翔,汽车配件,融资融券;股权转让;深成500;社保重仓;基金增仓;中证500;智能汽车;定向增发;新能源汽车;股权投资;重组并购;转融券;再融资;汇金持股;深股通;汽车;机械、设备、仪表;浙江;汽车与汽车零部件;
002243,通产丽星,包装印刷,债转股;广东国资整合;汇金持股;锂电池;新材料;轻工制造;石油、化学、塑胶、塑料;广东;原材料;
300073,当升科技,复合材料,智能制造;深成500;高送转;高价;再融资;新能源汽车;锂电池;深股通;股权投资;定向增发;智能手机;国资委整合;化工;金属、非金属;北京;原材料;
002060,粤水电,工程建筑,广东国资整合;大订单;PPP概念;水利;风能;建筑装饰;建筑业;广东;资本货物;
002357,富临运业,公共交通,充电桩;西部开发;港股通(深);一带一路;成渝特区;港股通;内陆自贸区;农村金融;交通运输;交通运输、仓储业;四川;运输;
300080,新大新材,复合材料,预亏预减;锂电池;汇金持股;地方国资整合;机械设备;金属、非金属;河南;原材料;
300109,新开源,化工,再融资;定向增发;精准医疗;深股通;明星基金;特种药;化工;石油、化学、塑胶、塑料;河南;原材料;
002413,常发股份,航天国防,新三板;深成500;航天军工;深股通;北斗导航;家用电器;机械、设备、仪表;江苏;资本货物;
300057,万顺股份,有色金属,智能穿戴;深股通;股权转让;新三板;轻工制造;造纸、印刷;广东;原材料;
002326,永太科技,化工,智慧城市;特色化工;智能手机;涉矿概念;深成500;IPO受益;股权投资;深股通;智能穿戴;化工;石油、化学、塑胶、塑料;浙江;原材料;
300019,硅宝科技,化工,节能环保;成渝特区;员工持股;新材料;西部开发;化工;石油、化学、塑胶、塑料;四川;原材料;
002003,伟星股份,服装,SDR概念;中价;北斗导航;航天军工;纺织服装;纺织、服装、皮毛;浙江;耐用消费品与服装;
002091,江苏国泰,贸易,超级电容;储能概念;中概股回归;转融券;注资承诺;锂电池;新能源汽车;深股通;参股金融;婴童概念;融资融券;商业贸易;批发和零售贸易;江苏;资本货物;
300103,达刚路机,工程机械,内陆自贸区;黄河金三角;西部开发;汇金持股;股权转让;地方国资整合;一带一路;机械设备;机械、设备、仪表;陕西;资本货物;
002328,新朋股份,汽车配件,港股通(深);涉矿概念;港股通;汇金持股;双创概念;汽车;金属、非金属;上海;汽车与汽车零部件;
002485,希努尔,服装,SDR概念;双创概念;电子商务;纺织服装;纺织、服装、皮毛;山东;耐用消费品与服装;
002226,江南化工,化工,虚拟现实;新材料;智能制造;风能;股权投资;深股通;IPO受益;重组并购;化工;石油、化学、塑胶、塑料;安徽;原材料;
002270,法因数控,电气设备,3D打印;智能制造;汇金持股;大订单;机械设备;机械、设备、仪表;山东;资本货物;
000036,华联控股,房地产,华联控股系;广东自贸区;金融改革;增持回购;深股通;预盈预增;房地产;房地产业;广东;房地产;
000153,丰原药业,医药制造,丰原系;股权激励;特种药;医药生物;医药、生物制品;安徽;制药与生物科技;
002479,富春环保,环境保护,再融资;定向增发;金融改革;循环经济;预盈预增;深股通;节能环保;美丽中国;中证500;公用事业;电力、煤气及水的生产和供应业;浙江;公用事业;
002101,广东鸿图,汽车配件,汇金持股;中盘;新能源汽车;股权激励;重组并购;汽车;机械、设备、仪表;广东;汽车与汽车零部件;
002170,芭田股份,化肥,深股通;无人机;土地流转;电子商务;基金增仓;中盘;生态农业;食品安全;大数据;化工;石油、化学、塑胶、塑料;广东;原材料;
002055,得润电子,电子元器件,智能穿戴;重组并购;转融券;智慧城市;深股通;融资融券;共享经济;金融改革;新材料;虚拟现实;智能汽车;智能手机;深成500;电子;电子;广东;技术硬件与设备;
002425,凯撒股份,互联网,社保重仓;基金重仓;高送转;明星基金;深股通;网络游戏;纺织服装;纺织、服装、皮毛;广东;耐用消费品与服装;
300108,双龙股份,化工,石墨烯;振兴东北;化工;石油、化学、塑胶、塑料;吉林;制药与生物科技;
002058,威尔泰,仪器仪表,举牌;汇金持股;智能电网;壳资源;核电核能;股权转让;电气设备;机械、设备、仪表;上海;技术硬件与设备;
002291,星期六,服装,网红经济;汇金持股;手机游戏;电子商务;纺织服装;纺织、服装、皮毛;广东;耐用消费品与服装;
002358,森源电气,电气设备,充电桩;QFII持股;增持回购;深成500;中证500;太阳能;深股通;大订单;智能电网;电气设备;机械、设备、仪表;河南;资本货物;
000039,中集集团,金属制品,沪深300;招商系;汇金持股;融资融券;AH股;国资委整合;海洋工程;定向增发;中价;基金增仓;广东自贸区;再融资;证金持股;预亏预减;深成500;转融券;深股通;H股;机械设备;金属、非金属;广东;资本货物;
002476,宝莫股份,化工,中盘;券商重仓;股权转让;转融券;融资融券;页岩气;化工;石油、化学、塑胶、塑料;山东;原材料;
002277,友阿股份,零售业,基金增仓;金融改革;中证500;深股通;电子商务;博彩概念;高送转;参股金融;农村金融;转融券;融资融券;汇金持股;移动软件;商业贸易;批发和零售贸易;湖南;零售业;
001696,宗申动力,摩托自行车,股权激励;深股通;深成500;融资融券;东盟自贸区;无人机;航天军工;智能制造;新三板;中证500;重庆自贸区;成渝特区;金融改革;汽车;机械、设备、仪表;重庆;汽车与汽车零部件;
002004,华邦制药,医疗服务,成渝特区;股权投资;转融券;智慧城市;汇金持股;健康中国;深股通;融资融券;西部开发;民营医院;深成500;中证500;新三板;化工;医药、生物制品;重庆;原材料;
300011,鼎汉技术,电子设备,一带一路;金融改革;高铁;深成500;QFII持股;汇金持股;深股通;参股金融;电气设备;机械、设备、仪表;北京;资本货物;
002327,富安娜,纺织,中证500;电子商务;SDR概念;深股通;纺织服装;纺织、服装、皮毛;广东;耐用消费品与服装;
002022,科华生物,生物制品,转融券;特种药;汇金持股;深成500;抗病毒;精准医疗;中证500;深股通;融资融券;医药生物;医药、生物制品;上海;制药与生物科技;
300137,先河环保,环境保护,中价;节能环保;QFII持股;PM2.5;PPP概念;美丽中国;京津冀;体育概念;明星基金;公用事业;机械、设备、仪表;河北;技术硬件与设备;
002353,杰瑞股份,专用设备,融资融券;中证500;页岩气;油改概念;员工持股;转融券;海洋工程;天然气概念;深成500;深股通;机械设备;机械、设备、仪表;山东;能源;
300177,中海达,通信设备,地理信息;深股通;移动软件;北斗导航;3D打印;汇金持股;电子商务;基金增仓;广东自贸区;无人机;计算机;信息技术业;广东;技术硬件与设备;
300152,燃控科技,环境保护,美丽中国;转融券;PPP概念;再融资;PM2.5;循环经济;定向增发;节能环保;融资融券;公用事业;机械、设备、仪表;江苏;商业和专业服务;
002397,梦洁家纺,纺织,参股金融;电子商务;农村金融;汇金持股;智慧城市;基金增仓;纺织服装;纺织、服装、皮毛;湖南;耐用消费品与服装;
002555,顺荣股份,互联网,深成500;TMT概念;深股通;预盈预增;虚拟现实;财政扶持;新三板;网络游戏;手机游戏;重组并购;传媒;机械、设备、仪表;安徽;软件与服务;
000022,深赤湾Ａ,港口,招商系;一带一路;融资融券;国资委整合;广东自贸区;交通运输;交通运输、仓储业;广东;运输;
300122,智飞生物,生物制品,中证500;深股通;明星基金;深成500;转融券;特种药;抗病毒;成渝特区;融资融券;医药生物;医药、生物制品;重庆;制药与生物科技;
300106,西部牧业,食品饮料,中价;地方国资整合;农垦概念;操盘手80;婴童概念;农林牧渔;农、林、牧、渔业;新疆;食品、饮料与烟草;
002045,广州国光,电子元器件,基金增仓;智能穿戴;新能源汽车;锂电池;中价;预盈预增;电子;电子;广东;耐用消费品与服装;
002108,沧州明珠,塑胶制品,锂电池;汇金持股;深股通;深成500;水利;融资融券;京津冀;恒大概念;转融券;化工;石油、化学、塑胶、塑料;河北;原材料;
002024,苏宁电器,零售业,转融券;虚拟运营商;汇金持股;金融改革;电子商务;智能手机;中证100;深证100;深成500;股权激励;农村金融;大盘;深股通;参股金融;沪深300;体育概念;融资融券;商业贸易;批发和零售贸易;江苏;零售业;
002401,交技发展,软件及系统,转融券;国资委整合;融资融券;汇金持股;电子商务;智慧城市;计算机;信息技术业;上海;软件与服务;
002298,鑫龙电器,电子设备,储能概念;深成500;安徽自贸区;无人机;深股通;智能电网;港股通;燃料电池;共享经济;智能制造;港股通(深);新三板;智慧城市;充电桩;电气设备;机械、设备、仪表;安徽;软件与服务;
002553,南方轴承,汽车配件,智能汽车;电子商务;汽车;机械、设备、仪表;江苏;资本货物;
300004,南风股份,电气设备,财政扶持;深股通;核电核能;风能;中盘;3D打印;机械设备;机械、设备、仪表;广东;资本货物;
002056,横店东磁,复合材料,转融券;锂电池;新能源汽车;汇金持股;参股金融;太阳能;融资融券;中价;深股通;稀土永磁;中证500;高送转;航天军工;智能手机;深成500;电子;电子;浙江;技术硬件与设备;
000029,深深房Ａ,房地产,深建设系;重组并购;广东国资整合;深股通;汇金持股;恒大概念;广东自贸区;房地产;房地产业;广东;房地产;
002287,奇正藏药,中药,参股金融;西部开发;融资融券;转融券;特种药;汇金持股;深股通;医药生物;医药、生物制品;西藏;制药与生物科技;
300187,永清环保,环境保护,节能环保;PM2.5;QFII持股;金融改革;汇金持股;太阳能;循环经济;深股通;参股金融;预盈预增;美丽中国;公用事业;社会服务业;湖南;商业和专业服务;
002333,罗普斯金,有色金属,基金增仓;港股通;汇金持股;国际板;港股通(深);沪台通;建筑材料;金属、非金属;江苏;资本货物;
000158,常山股份,纺织,双创概念;京津冀;智慧城市;举牌;股权投资;大数据;深股通;深成500;中证500;地方国资整合;纺织服装;纺织、服装、皮毛;河北;耐用消费品与服装;
002495,佳隆股份,食品饮料,低价;财政扶持;食品饮料;食品、饮料;广东;食品、饮料与烟草;
002548,金新农,饲料加工,生猪概念;生态农业;农林牧渔;食品、饮料;广东;食品、饮料与烟草;
002182,云海金属,有色金属,深股通;QFII持股;新能源汽车;新材料;智能手机;燃料电池;小金属;高送转;有色金属;金属、非金属;江苏;原材料;
300094,国联水产,牧渔,海洋经济;农林牧渔;农、林、牧、渔业;广东;食品、饮料与烟草;
002322,理工监测,电气设备,QFII持股;中盘;大订单;深股通;智能电网;电气设备;机械、设备、仪表;浙江;资本货物;
002284,亚太股份,汽车配件,智能汽车;深成500;注资承诺;深股通;汽车;机械、设备、仪表;浙江;汽车与汽车零部件;
002366,丹甫股份,专用设备,券商重仓;明星基金;核电核能;深股通;航天军工;中证500;深成500;家用电器;机械、设备、仪表;四川;资本货物;
002456,欧菲光,电子元器件,生物识别;增持回购;TMT概念;智能穿戴;深成500;大盘;深股通;智能汽车;AR概念;融资融券;深证100;参股金融;虚拟现实;汇金持股;基金增仓;新材料;沪深300;转融券;智能手机;高送转;电子;电子;广东;技术硬件与设备;
300042,朗科科技,IT设备,举牌;计算机;信息技术业;广东;技术硬件与设备;
002020,京新药业,医药制造,基金增仓;中盘;券商重仓;港股通;深股通;再融资;港股通(深);定向增发;医药生物;医药、生物制品;浙江;制药与生物科技;
000402,金 融 街,房地产,证金持股;深证100;举牌;地方国资整合;深股通;汇金持股;养老概念;深成500;大盘;融资融券;沪深300;QFII持股;转融券;房地产;房地产业;北京;房地产;
002141,蓉胜超微,金属制品,财政扶持;广东自贸区;参股金融;电子;电子;广东;资本货物;
002124,天邦股份,饲料加工,特种药;社保重仓;再融资;生猪概念;定向增发;农林牧渔;食品、饮料;浙江;食品、饮料与烟草;
002469,三维工程,工程建筑,电子商务;煤化工;循环经济;一带一路;节能环保;预亏预减;大订单;券商重仓;汇金持股;建筑装饰;社会服务业;山东;资本货物;
002492,恒基达鑫,仓储物流,员工持股;重组并购;参股金融;交通运输;交通运输、仓储业;广东;运输;
002510,天汽模,汽车配件,汇金持股;新三板;重组并购;新能源汽车;深股通;机械设备;机械、设备、仪表;天津;汽车与汽车零部件;
300014,亿纬锂能,复合材料,融资融券;股权激励;新三板;再融资;转融券;储能概念;新能源汽车;深成500;高送转;锂电池;智能电网;深股通;定向增发;电子;电子;广东;技术硬件与设备;
002034,美欣达,纺织,循环经济;壳资源;特色化工;重组并购;节能环保;举牌;预盈预增;纺织服装;纺织、服装、皮毛;浙江;耐用消费品与服装;
002313,日海通讯,通信设备,宽带中国;增持回购;港股通;融资融券;三网融合;QFII持股;股权转让;汇金持股;4G5G;港股通(深);员工持股;转融券;地理信息;通信;信息技术业;广东;技术硬件与设备;
002271,东方雨虹,建材,京津冀;基金增仓;新材料;金融改革;水利;中证500;海绵城市;参股金融;操盘手80;重组并购;高铁;融资融券;深成500;深股通;社保重仓;汇金持股;建筑材料;金属、非金属;北京;原材料;
300003,乐普医疗,医疗服务,智慧城市;电子商务;深股通;新三板;深成500;增持回购;融资融券;健康中国;明星基金;人脑工程;央视50;养老概念;转融券;医药生物;机械、设备、仪表;北京;医疗保健设备与服务;
002096,南岭民爆,化工,券商重仓;股权投资;湖南国资整合;IPO受益;汇金持股;化工;石油、化学、塑胶、塑料;湖南;原材料;
002335,科华恒盛,电气设备,节能环保;核电核能;大数据;能源互联网;深股通;重组并购;储能概念;云计算;太阳能;充电桩;量子通信;电气设备;机械、设备、仪表;福建;资本货物;
002451,摩恩电气,电气设备,员工持股;电子商务;券商重仓;股权转让;电气设备;机械、设备、仪表;上海;资本货物;
300071,华谊嘉信,文化传媒,基金增仓;重组并购;深股通;电子商务;传媒;传播与文化产业;北京;媒体;
002470,金正大,化肥,券商重仓;生态农业;特色化工;沪深300;电子商务;深股通;转融券;融资融券;深成500;QFII持股;化工;石油、化学、塑胶、塑料;山东;原材料;
002087,新野纺织,纺织,农村金融;地方国资整合;土地流转;纺织服装;纺织、服装、皮毛;河南;耐用消费品与服装;
002540,亚太科技,有色金属,QFII持股;定向增发;天然气概念;中盘;深股通;新能源汽车;3D打印;再融资;汇金持股;有色金属;金属、非金属;江苏;原材料;
300058,蓝色光标,文化传媒,沪深300;转融券;汇金持股;电子商务;深股通;融资融券;智能制造;深成500;电子支付;传媒;传播与文化产业;北京;媒体;
002204,华锐铸钢,工程机械,振兴东北;核电核能;融资融券;低价;地方国资整合;航天军工;基金增仓;转融券;风能;汇金持股;深股通;机械设备;机械、设备、仪表;辽宁;资本货物;
300065,海兰信,电子设备,转融券;海洋工程;融资融券;股权激励;航天军工;明星基金;节能环保;重组并购;深股通;计算机;电子;北京;技术硬件与设备;
002332,仙琚制药,医药制造,中盘;金融改革;汇金持股;深股通;维生素;基金增仓;地方国资整合;中证500;医药生物;医药、生物制品;浙江;制药与生物科技;
300165,天瑞仪器,仪器仪表,重组并购;PM2.5;节能环保;食品安全;智慧城市;美丽中国;机械设备;机械、设备、仪表;江苏;技术硬件与设备;
002528,英飞拓,电子设备,定向增发;增持回购;智慧城市;员工持股;基金增仓;深股通;汇金持股;再融资;国家安全;电子商务;计算机;电子;广东;技术硬件与设备;
300116,坚瑞消防,专用设备,深股通;重组并购;预盈预增;高送转;新能源汽车;深成500;智慧城市;锂电池;大订单;机械设备;其他制造业;陕西;汽车与汽车零部件;
002532,新界泵业,机械配件,节能环保;PPP概念;基金增仓;水利;农业机械;机械设备;机械、设备、仪表;浙江;资本货物;
002195,海隆软件,互联网,云计算;预盈预增;网络游戏;深成500;沪深300;深股通;移动软件;汇金持股;双创概念;国家安全;电子商务;计算机;信息技术业;上海;软件与服务;
002491,通鼎光电,通信设备,三网融合;4G5G;智能制造;基金增仓;新三板;宽带中国;重组并购;深成500;中证500;大数据;中价;国家安全;深股通;大订单;通信;信息技术业;江苏;技术硬件与设备;
002100,天康生物,饲料加工,农垦概念;定向增发;汇金持股;地方国资整合;抗病毒;生猪概念;基金增仓;深股通;再融资;整体上市;农林牧渔;食品、饮料;新疆;食品、饮料与烟草;
300088,长信科技,电子元器件,锂电池;中价;深股通;智能穿戴;新能源汽车;深成500;重组并购;汇金持股;新三板;融资融券;转融券;中证500;智能汽车;石墨烯;智能手机;电子;电子;安徽;技术硬件与设备;
002293,罗莱家纺,纺织,汇金持股;定向增发;深股通;SDR概念;电子商务;融资融券;再融资;智慧城市;转融券;纺织服装;纺织、服装、皮毛;江苏;耐用消费品与服装;
002095,生 意 宝,互联网,云计算;电子商务;新三板;深成500;转融券;电子支付;深股通;TMT概念;汇金持股;融资融券;传媒;信息技术业;浙江;软件与服务;
002309,中利科技,电气设备,汇金持股;新三板;员工持股;太阳能;深股通;中证500;参股金融;智能制造;3D打印;电气设备;机械、设备、仪表;江苏;技术硬件与设备;
300144,宋城股份,旅游,明星基金;增持回购;沪深300;虚拟现实;网红经济;再融资;手机游戏;深成500;汇金持股;定向增发;深股通;休闲服务;社会服务业;浙江;消费者服务;
300104,乐视网,互联网,虚拟现实;网红经济;智能汽车;新媒体;深成500;大盘;转融券;汇金持股;TMT概念;深股通;明星基金;参股金融;数字电影;3D影视;深证100;智能手机;重组并购;婴童概念;融资融券;沪深300;中证100;高送转;基金增仓;传媒;信息技术业;北京;软件与服务;
002255,海陆重工,专用设备,核电核能;新三板;太阳能;节能环保;电气设备;机械、设备、仪表;江苏;资本货物;
002063,远光软件,软件及系统,大数据;深成500;能源互联网;去IOE概念;再融资;电子支付;融资融券;转融券;国家安全;定向增发;汇金持股;基金增仓;云计算;广东自贸区;中证500;深股通;计算机;信息技术业;广东;软件与服务;
001896,*ST豫能,电力,证金持股;注资承诺;重组并购;融资融券;风能;电力改革;地方国资整合;公用事业;电力、煤气及水的生产和供应业;河南;公用事业;
002181,粤传媒,文化传媒,汇金持股;地方国资整合;融资融券;电子商务;新媒体;博彩概念;体育概念;网络游戏;转融券;大数据;传媒;社会服务业;广东;媒体;
002292,奥飞动漫,文化传媒,深成500;手机游戏;网红经济;沪深300;定向增发;深股通;AR概念;三网融合;在线教育;3D影视;婴童概念;融资融券;新媒体;股权激励;再融资;QFII持股;虚拟现实;新三板;深证100;智能制造;转融券;传媒;造纸、印刷;广东;耐用消费品与服装;
002128,露天煤业,煤炭,融资融券;西部开发;深股通;转融券;汇金持股;深成500;港股通(深);港股通;国资委整合;中证500;采掘;采掘业;内蒙古;能源;
300160,秀强股份,建材,婴童概念;在线教育;双创概念;新材料;深股通;员工持股;家用电器;金属、非金属;江苏;原材料;
002409,雅克科技,化工,化工;石油、化学、塑胶、塑料;江苏;原材料;
002377,国创高新,石油石化,一带一路;重组并购;海绵城市;化工;石油、化学、塑胶、塑料;湖北;原材料;
002480,新筑股份,专用设备,券商重仓;西部开发;深股通;超级电容;高铁;PPP概念;举牌;成渝特区;机械设备;机械、设备、仪表;四川;资本货物;
002010,传化股份,化工,明星基金;新三板;深成500;特色化工;智慧城市;深股通;煤化工;化工;石油、化学、塑胶、塑料;浙江;原材料;
002080,中材科技,复合材料,风能;锂电池;深股通;预盈预增;燃料电池;国资委整合;员工持股;新材料;化工;金属、非金属;江苏;原材料;
000037,深南电Ａ,电力,深投系;预盈预增;摘帽;广东自贸区;电力改革;ST;公用事业;电力、煤气及水的生产和供应业;广东;公用事业;
002324,普利特,塑胶制品,定向增发;再融资;深股通;新材料;化工;石油、化学、塑胶、塑料;上海;原材料;
300047,天源迪科,软件及系统,中价;新三板;三网融合;明星基金;大数据;智慧城市;国家安全;深股通;云计算;重组并购;计算机;信息技术业;广东;软件与服务;
002530,丰东股份,专用设备,智慧城市;基金增仓;预盈预增;农村金融;重组并购;机械设备;机械、设备、仪表;江苏;资本货物;
300038,梅泰诺,通信设备,中盘;国家安全;移动软件;去IOE概念;电子商务;三网融合;社保重仓;重组并购;手机游戏;通信;信息技术业;北京;技术硬件与设备;
300008,上海佳豪,船舶制造,量子通信;海洋工程;海洋经济;大订单;航天军工;国防军工;社会服务业;上海;商业和专业服务;
002009,天奇股份,仪器仪表,港股通(深);风能;智慧城市;电子商务;港股通;员工持股;循环经济;新三板;智能制造;机械设备;机械、设备、仪表;江苏;资本货物;
000012,南玻Ａ,建材,太阳能;招商系;融资融券;深股通;深成500;港股通;港股通(深);中证500;转融券;智能手机;汇金持股;新材料;举牌;智能穿戴;建筑材料;金属、非金属;广东;原材料;
002443,金洲管道,金属制品,深股通;天然气概念;恒大概念;油改概念;一带一路;券商重仓;股权转让;海绵城市;重组并购;中盘;钢铁;金属、非金属;浙江;原材料;
002475,立讯精密,电子元器件,明星基金;大盘;智能汽车;智能手机;东盟自贸区;TMT概念;汇金持股;智能穿戴;沪深300;转融券;深证100;融资融券;深成500;深股通;QFII持股;电子;电子;广东;技术硬件与设备;
002252,上海莱士,生物制品,融资融券;股权激励;深证100;沪深300;转融券;深成500;汇金持股;深股通;大盘;股权投资;特种药;中证100;医药生物;医药、生物制品;上海;制药与生物科技;
002431,棕榈园林,园林工程,婴童概念;汇金持股;深股通;转融券;体育概念;增持回购;融资融券;中证500;美丽中国;深成500;虚拟现实;PPP概念;大订单;AR概念;建筑装饰;建筑业;广东;资本货物;
002390,信邦制药,中药,中证500;深股通;深成500;民营医院;西部开发;基金增仓;医药生物;医药、生物制品;贵州;制药与生物科技;
002460,赣锋锂业,有色金属,农村金融;新能源汽车;深证100;锂电池;深成500;深股通;转融券;融资融券;中证500;QFII持股;有色金属;金属、非金属;江西;原材料;
002337,赛象科技,专用设备,智能制造;天津自贸区;汇金持股;大订单;机械设备;机械、设备、仪表;天津;资本货物;
002306,湘鄂情,软件及系统,股权冻结;大数据;云计算;休闲服务;社会服务业;北京;消费者服务;
300159,新研股份,专用设备,深成500;明星基金;航天军工;员工持股;中证500;农业机械;深股通;机械设备;机械、设备、仪表;新疆;资本货物;
002489,浙江永强,木材家具,深成500;新三板;农村金融;中证500;深股通;员工持股;参股金融;电子商务;轻工制造;木材、家具;浙江;耐用消费品与服装;
300172,中电环保,环境保护,PM2.5;美丽中国;PPP概念;汇金持股;大订单;节能环保;公用事业;社会服务业;江苏;商业和专业服务;
000033,新都酒店,酒店餐饮,休闲服务;社会服务业;广东;消费者服务;
002146,荣盛发展,房地产,参股金融;再融资;转融券;定向增发;汇金持股;体育概念;深成500;深股通;沪深300;融资融券;京津冀;大盘;房地产;房地产业;河北;房地产;
002149,西部材料,有色矿采,内陆自贸区;基金增仓;操盘手80;西部开发;小金属;高送转;汇金持股;地方国资整合;新材料;稀缺资源;核电核能;有色金属;金属、非金属;陕西;原材料;
002189,利达光电,电子元器件,蓝宝石;汇金持股;太阳能;新材料;虚拟现实;AR概念;国资委整合;混改;智能手机;电子;电子;河南;技术硬件与设备;
002296,辉煌科技,通信设备,移动软件;深股通;内陆自贸区;中价;高铁;智慧城市;计算机;信息技术业;河南;技术硬件与设备;
300161,华中数控,机床设备,国资委整合;智能制造;3D打印;高校概念;机械设备;机械、设备、仪表;湖北;资本货物;
000021,长城开发,IT设备,长城系;TMT概念;中证500;云计算;股权投资;智能电网;深股通;航天军工;汇金持股;深成500;国资委整合;计算机;信息技术业;广东;技术硬件与设备;
002253,川大智胜,软件及系统,国家安全;智慧城市;虚拟现实;智能手机;智能制造;通用航空;生物识别;汇金持股;航天军工;成渝特区;深股通;去IOE概念;计算机;信息技术业;四川;软件与服务;
002236,大华股份,电子设备,深股通;深证100;转融券;操盘手80;融资融券;深成500;QFII持股;沪深300;PPP概念;生物识别;汇金持股;明星基金;智慧城市;虚拟现实;基金增仓;国家安全;TMT概念;计算机;电子;浙江;技术硬件与设备;
300070,碧水源,环境保护,循环经济;深成500;大盘;大订单;节能环保;QFII持股;增持回购;深股通;股权投资;深证100;参股金融;PPP概念;央视50;沪深300;美丽中国;转融券;体育概念;融资融券;明星基金;公用事业;社会服务业;北京;商业和专业服务;
000028,一致药业,医药流通,深投系;证金持股;高价;中证500;特种药;股权投资;券商重仓;转融券;深股通;汇金持股;融资融券;深成500;国资委整合;医药生物;批发和零售贸易;广东;医疗保健设备与服务;
300018,中元华电,电气设备,股权激励;健康中国;明星基金;汇金持股;QFII持股;智慧城市;北斗导航;智能电网;恒大概念;电气设备;机械、设备、仪表;湖北;资本货物;
000023,深天地Ａ,建材,深建设系;港股通;港股通(深);广东自贸区;建筑材料;金属、非金属;广东;原材料;
300175,朗源股份,农林,汇金持股;电子商务;中价;农林牧渔;食品、饮料;山东;食品、饮料与烟草;
002165,红宝丽,化工,节能环保;券商重仓;重组并购;汇金持股;太阳能;化工;石油、化学、塑胶、塑料;江苏;原材料;
002356,浩宁达,轻工产品,超级电容;金融改革;港股通(深);员工持股;锂电池;新能源汽车;智能电网;港股通;电气设备;机械、设备、仪表;广东;耐用消费品与服装;
002312,三泰电子,电子设备,大数据;成渝特区;电子商务;融资融券;新三板;智慧城市;转融券;计算机;信息技术业;四川;技术硬件与设备;
002289,宇顺电子,电子元器件,锂电池;增持回购;摘帽;智能手机;ST;电子;电子;广东;技术硬件与设备;
002203,海亮股份,有色金属,参股金融;融资融券;涉矿概念;小金属;转融券;深股通;节能环保;有色金属;金属、非金属;浙江;原材料;
000001,深发展Ａ,银行,深投系;海通系;沪深300;大盘;转融券;中证100;港股通;汇金持股;低市净率;股权投资;深成500;港股通(深);广东自贸区;深证100;深股通;破净股;证金持股;融资融券;银行;金融、保险业;广东;银行;
300186,大华农,--,农林牧渔;医药、生物制品;广东;制药与生物科技;
002355,兴民钢圈,汽车配件,融资融券;金融改革;再融资;汇金持股;智慧城市;预盈预增;转融券;社保重仓;深股通;定向增发;汽车;机械、设备、仪表;山东;汽车与汽车零部件;
002407,多氟多,化工,转融券;深成500;中证500;锂电池;深股通;参股金融;特色化工;融资融券;深证100;新能源汽车;化工;石油、化学、塑胶、塑料;河南;原材料;
002214,大立科技,仪器仪表,券商重仓;航天军工;国家安全;智慧城市;基金增仓;电子;电子;浙江;技术硬件与设备;
002416,爱施德,零售业,融资融券;AR概念;虚拟现实;电子商务;博彩概念;广东自贸区;手机游戏;基金增仓;转融券;智能手机;TMT概念;虚拟运营商;中证500;深成500;深股通;新媒体;参股金融;商业贸易;批发和零售贸易;广东;零售业;
300156,天立环保,环境保护,美丽中国;深成500;PM2.5;深股通;循环经济;大订单;操盘手80;节能环保;中证500;基金增仓;公用事业;机械、设备、仪表;北京;资本货物;
000151,中成股份,贸易,一带一路;转融券;港股通;融资融券;港股通(深);国资委整合;商业贸易;批发和零售贸易;北京;资本货物;
002448,中原内配,汽车配件,深股通;智能汽车;中盘;汽车;机械、设备、仪表;河南;汽车与汽车零部件;
002052,同洲电子,通信设备,举牌;3D影视;智慧城市;深股通;去IOE概念;中盘;三网融合;新媒体;体育概念;股权转让;北斗导航;股权冻结;新三板;智能手机;数字电视;深成500;家用电器;信息技术业;广东;技术硬件与设备;
300181,佐力药业,中药,基金增仓;特种药;民营医院;精准医疗;电子商务;健康中国;医药生物;医药、生物制品;浙江;制药与生物科技;
002249,大洋电机,家电,基金增仓;燃料电池;深股通;员工持股;汇金持股;股权激励;中证500;深成500;共享经济;新能源汽车;电气设备;机械、设备、仪表;广东;资本货物;
300051,三五互联,互联网,QFII持股;手机游戏;汇金持股;深股通;云计算;去IOE概念;重组并购;网络游戏;虚拟运营商;宽带中国;电子支付;IPV6;移动软件;计算机;信息技术业;福建;软件与服务;
000011,深物业A,房地产,港股通;深建设系;中价;广东国资整合;港股通(深);广东自贸区;预盈预增;房地产;房地产业;广东;房地产;
002248,华东数控,机床设备,重组并购;壳资源;太阳能;高铁;核电核能;股权冻结;机械设备;机械、设备、仪表;山东;资本货物;
002295,精艺股份,有色金属,增持回购;壳资源;中价;预盈预增;基金增仓;有色金属;金属、非金属;广东;原材料;
002338,奥普光电,仪器仪表,中盘;股权激励;航天军工;深股通;港股通(深);高送转;振兴东北;国资委整合;明星基金;机械设备;机械、设备、仪表;吉林;技术硬件与设备;
002187,广百股份,零售业,广东国资整合;汇金持股;商业贸易;批发和零售贸易;广东;零售业;
002449,国星光电,电子元器件,深股通;LED;涉矿概念;股权激励;基金增仓;电子;电子;广东;技术硬件与设备;
300031,宝通带业,互联网,深股通;定向增发;民营医院;手机游戏;虚拟现实;再融资;券商重仓;预盈预增;化工;石油、化学、塑胶、塑料;江苏;软件与服务;
002500,山西证券,券商,地方国资整合;沪深300;深证100;深股通;深成500;汇金持股;融资融券;大盘;转融券;转融通;股权投资;非银金融;金融、保险业;山西;综合金融;
002344,海宁皮城,零售业,中证500;深股通;电子商务;地方国资整合;融资融券;股权激励;汇金持股;金融改革;基金增仓;转融券;商业贸易;批发和零售贸易;浙江;房地产;
002507,涪陵榨菜,食品饮料,地方国资整合;成渝特区;中价;汇金持股;基金增仓;食品饮料;食品、饮料;重庆;食品、饮料与烟草;
000010,S ST华新,园林工程,港股通;港股通(深);证金持股;美丽中国;大订单;PPP概念;股权冻结;建筑装饰;机械、设备、仪表;广东;资本货物;
000018,ST中冠A,工程建筑,华联控股系;深股通;一带一路;大订单;定向增发;PPP概念;再融资;建筑装饰;纺织、服装、皮毛;广东;资本货物;
002380,科远股份,电气设备,港股通;基金增仓;智能制造;港股通(深);节能环保;智能电网;计算机;机械、设备、仪表;江苏;资本货物;
002198,嘉应制药,中药,股权转让;特种药;汇金持股;壳资源;医药生物;医药、生物制品;广东;制药与生物科技;
002444,巨星科技,金属制品,深股通;智能汽车;融资融券;汇金持股;IPO受益;智能制造;3D打印;深成500;转融券;中证500;机械设备;金属、非金属;浙江;资本货物;
002342,巨力索具,金属制品,中证500;太阳能;海洋工程;京津冀;航天军工;汇金持股;机械设备;金属、非金属;河北;资本货物;
002487,大金重工,金属制品,风能;振兴东北;电子商务;机械设备;金属、非金属;辽宁;资本货物;
300006,莱美药业,医药制造,成渝特区;深股通;参股金融;特种药;基金增仓;员工持股;医药生物;医药、生物制品;重庆;制药与生物科技;
002059,云南旅游,旅游,汇金持股;地方国资整合;休闲服务;房地产业;云南;消费者服务;
002432,九安医疗,医疗服务,深股通;移动软件;公募增发;透析;深成500;中价;中盘;再融资;智慧城市;健康中国;汇金持股;智能手机;股权激励;智能穿戴;医药生物;机械、设备、仪表;天津;医疗保健设备与服务;
300012,华测检测,综合行业,节能环保;明星基金;高送转;食品安全;深成500;深股通;PM2.5;参股金融;综合;社会服务业;广东;商业和专业服务;
300167,迪威视讯,通信设备,三网融合;广东自贸区;4G5G;智慧城市;云计算;去IOE概念;中价;计算机;信息技术业;广东;技术硬件与设备;
002102,冠福家用,综合行业,智能穿戴;健康中国;涉矿概念;低价;商业贸易;金属、非金属;福建;制药与生物科技;
002153,石基信息,软件及系统,沪深300;转融券;大数据;汇金持股;融资融券;电子商务;深股通;明星基金;深成500;计算机;信息技术业;北京;软件与服务;
002083,孚日股份,纺织,SDR概念;汇金持股;再融资;中盘;婴童概念;纺织服装;纺织、服装、皮毛;山东;耐用消费品与服装;
002241,歌尔声学,电子元器件,LED;TMT概念;移动软件;转融券;大盘;生物识别;汇金持股;AR概念;深股通;央视50;3D影视;融资融券;智能汽车;深证100;QFII持股;高送转;智能穿戴;虚拟现实;沪深300;深成500;智能手机;电子;电子;山东;技术硬件与设备;
002455,百川股份,化工,双创概念;定向增发;再融资;基金增仓;化工;石油、化学、塑胶、塑料;江苏;原材料;
002506,超日太阳,电气设备,太阳能;低价;定向增发;能源互联网;充电桩;再融资;电气设备;电子;上海;技术硬件与设备;
300066,三川股份,仪器仪表,基金增仓;员工持股;物联网;股权激励;智慧城市;预亏预减;新三板;智能电网;深股通;机械设备;机械、设备、仪表;江西;技术硬件与设备;
300063,天龙集团,化工,电子商务;高送转;化工;石油、化学、塑胶、塑料;广东;媒体;
300005,探路者,服装,电子商务;深股通;智能穿戴;SDR概念;融资融券;体育概念;转融券;纺织服装;纺织、服装、皮毛;北京;耐用消费品与服装;
002519,银河电子,家电,汇金持股;充电桩;基金增仓;重组并购;增持回购;数字电视;新能源汽车;深股通;航天军工;家用电器;信息技术业;江苏;技术硬件与设备;
002251,步步高,零售业,金融改革;融资融券;中证500;转融券;深股通;中价;汇金持股;电子商务;商业贸易;批发和零售贸易;湖南;食品与主要用品零售;
002254,烟台氨纶,化纤,国家安全;新三板;中证500;地方国资整合;券商重仓;汇金持股;航天军工;深股通;量子通信;新材料;化工;石油、化学、塑胶、塑料;山东;原材料;
002463,沪电股份,电子元器件,沪台通;中证500;深股通;汇金持股;深成500;智能汽车;低价;电子;电子;江苏;技术硬件与设备;
002178,延华智能,软件及系统,深股通;养老概念;汇金持股;中盘;节能环保;健康中国;智慧城市;建筑装饰;社会服务业;上海;资本货物;
300149,量子高科,食品饮料,股权转让;养老概念;新三板;电子商务;预亏预减;农林牧渔;食品、饮料;广东;食品、饮料与烟草;
002412,汉森制药,中药,汇金持股;金融改革;特种药;医药生物;医药、生物制品;湖南;制药与生物科技;
002523,天桥起重,专用设备,湖南国资整合;基金增仓;汇金持股;机械设备;机械、设备、仪表;湖南;资本货物;
002051,中工国际,工程建筑,大订单;转融券;汇金持股;深股通;中字头;融资融券;一带一路;节能环保;国资委整合;PPP概念;中证500;深成500;建筑装饰;建筑业;北京;资本货物;
002392,北京利尔,建材,新材料;小金属;中证500;太阳能;深股通;燃料电池;涉矿概念;汇金持股;低价;基金增仓;建筑材料;金属、非金属;北京;原材料;
000024,招商地产,--,招商系;房地产;房地产业;广东;房地产;
002023,海特高新,航空运输,转融券;航天军工;成渝特区;深成500;内陆自贸区;大飞机;深股通;参股金融;融资融券;通用航空;明星基金;国防军工;机械、设备、仪表;四川;资本货物;
002537,海立美达,汽车配件,新能源汽车;中韩自贸区;高送转;电子支付;机械设备;机械、设备、仪表;山东;资本货物;
002304,洋河股份,酿酒,汇金持股;农村金融;转融券;深证100;深股通;深成500;地方国资整合;中证100;高价;沪深300;参股金融;融资融券;QFII持股;大盘;食品饮料;食品、饮料;江苏;食品、饮料与烟草;
002471,中超电缆,电气设备,新材料;石墨烯;深股通;智能电网;深成500;电气设备;机械、设备、仪表;江苏;资本货物;
002317,众生药业,中药,抗病毒;深股通;中证500;融资融券;汇金持股;转融券;医药生物;医药、生物制品;广东;制药与生物科技;
002213,特尔佳,汽车配件,汇金持股;汽车;机械、设备、仪表;广东;汽车与汽车零部件;
002041,登海种业,农林,融资融券;深成500;基金增仓;中证500;生态农业;转融券;汇金持股;深股通;农林牧渔;农、林、牧、渔业;山东;食品、饮料与烟草;
002375,亚厦股份,工程建筑,转融券;融资融券;体育概念;深成500;汇金持股;中证500;智慧城市;虚拟现实;大订单;3D打印;智能制造;电子商务;迪士尼;深股通;建筑装饰;建筑业;浙江;消费者服务;
002445,中南重工,文化传媒,深股通;中概股回归;海洋工程;深成500;网络游戏;虚拟现实;数字电影;网红经济;双创概念;中价;机械设备;金属、非金属;江苏;资本货物;
300130,新国都,电子设备,电子商务;移动软件;再融资;手机游戏;电子支付;参股金融;定向增发;网络游戏;金融IC卡;计算机;机械、设备、仪表;广东;技术硬件与设备;
002565,上海绿新,造纸,股权投资;美丽中国;汇金持股;再融资;新材料;定向增发;智能制造;中盘;轻工制造;造纸、印刷;上海;原材料;
300043,星辉车模,文化传媒,中证500;新三板;汇金持股;网络游戏;体育概念;循环经济;深股通;再融资;深成500;重组并购;婴童概念;传媒;造纸、印刷;广东;软件与服务;
002206,海利得,化纤,涉矿概念;高送转;锂电池;深股通;化工;石油、化学、塑胶、塑料;浙江;原材料;
000155,川化股份,化工,化工;石油、化学、塑胶、塑料;四川;原材料;
002046,轴研科技,机械配件,高铁;国资委整合;航天军工;重组并购;农业机械;注资承诺;汇金持股;机械设备;机械、设备、仪表;河南;资本货物;
000159,国际实业,石油石化,一带一路;证金持股;汇金持股;油改概念;西部开发;涉矿概念;化工;石油、化学、塑胶、塑料;新疆;能源;
002318,久立特材,钢铁,海洋工程;天然气概念;深成500;深股通;定向增发;港股通;融资融券;核电核能;再融资;港股通(深);转融券;钢铁;金属、非金属;浙江;原材料;
000401,冀东水泥,水泥,汇金持股;京津冀;地方国资整合;中证500;预盈预增;体育概念;股权投资;融资融券;重组并购;QFII持股;转融券;建筑材料;金属、非金属;河北;原材料;
300084,海默科技,石油石化,页岩气;油改概念;天然气概念;海洋工程;内陆自贸区;新三板;机械设备;采掘业;甘肃;能源;
002175,广陆数测,文化传媒,深股通;重组并购;虚拟现实;新媒体;数字电影;机械设备;机械、设备、仪表;广西;软件与服务;
000025,特力Ａ,零售业,深特发系;中证500;广东国资整合;广东自贸区;汽车;批发和零售贸易;广东;零售业;
002535,林州重机,专用设备,智慧城市;生物识别;页岩气;智能制造;机械设备;机械、设备、仪表;河南;资本货物;
002323,中联电气,工程建筑,再融资;定向增发;太阳能;节能环保;大订单;汇金持股;电气设备;机械、设备、仪表;江苏;资本货物;
300022,吉峰农机,零售业,农业机械;成渝特区;电子商务;商业贸易;批发和零售贸易;四川;零售业;
300124,汇川技术,电气设备,QFII持股;沪深300;深股通;深成500;转融券;融资融券;汇金持股;智能制造;深证100;电气设备;机械、设备、仪表;广东;资本货物;
300146,汤臣倍健,食品饮料,参股金融;员工持股;汇金持股;融资融券;沪深300;深成500;转融券;QFII持股;智慧城市;精准医疗;电子商务;深股通;健康中国;食品饮料;食品、饮料;广东;食品、饮料与烟草;
002008,大族激光,电子设备,智能手机;3D打印;QFII持股;转融券;蓝宝石;LED;汇金持股;深股通;融资融券;双创概念;智能制造;央视50;深证100;储能概念;深成500;沪深300;新三板;新材料;电子;机械、设备、仪表;广东;资本货物;
300182,捷成股份,软件及系统,虚拟现实;新媒体;数字电视;深成500;智慧城市;深股通;3D影视;沪深300;计算机;信息技术业;北京;软件与服务;
002071,江苏宏宝,文化传媒,深股通;新媒体;融资融券;数字电影;传媒;金属、非金属;江苏;媒体;
002222,福晶科技,电子元器件,汇金持股;中价;量子通信;国资委整合;深股通;3D打印;电子;电子;福建;技术硬件与设备;
300138,晨光生物,食品饮料,汇金持股;基金增仓;农林牧渔;食品、饮料;河北;食品、饮料与烟草;
002441,众业达,电气设备,深股通;智能制造;新能源汽车;充电桩;电气设备;批发和零售贸易;广东;资本货物;
002423,中原特钢,钢铁,内陆自贸区;摘帽;国资委整合;汇金持股;航天军工;ST;海洋工程;机械设备;机械、设备、仪表;河南;资本货物;
002225,濮耐股份,建材,涉矿概念;汇金持股;新材料;燃料电池;员工持股;小金属;建筑材料;金属、非金属;河南;原材料;
002094,青岛金王,日用化工,电子商务;股权转让;新三板;中韩自贸区;重组并购;深股通;轻工制造;石油、化学、塑胶、塑料;山东;资本货物;
002082,栋梁新材,有色金属,壳资源;重组并购;汇金持股;节能环保;恒大概念;股权转让;建筑材料;金属、非金属;浙江;原材料;
002016,世荣兆业,房地产,广东自贸区;土地流转;养老概念;转融券;深股通;融资融券;房地产;房地产业;广东;房地产;
300140,启源装备,电气设备,节能环保;国资委整合;中价;汇金持股;电气设备;机械、设备、仪表;陕西;资本货物;
002387,黑牛食品,食品饮料,金融改革;再融资;深股通;智能穿戴;婴童概念;定向增发;食品饮料;食品、饮料;广东;食品、饮料与烟草;
002526,山东矿机,专用设备,重组并购;预亏预减;航天军工;智能制造;3D打印;网络游戏;无人机;机械设备;机械、设备、仪表;山东;资本货物;
000100,TCL集团,家电,基金增仓;深证100;汇金持股;数字电视;证金持股;三网融合;股权投资;举牌;沪深300;低价;深股通;大盘;参股金融;TMT概念;智能穿戴;融资融券;新三板;深成500;转融券;家用电器;电子;广东;耐用消费品与服装;
002386,天原集团,化工,汇金持股;燃料电池;债转股;再融资;港股通;港股通(深);新材料;中盘;煤化工;地方国资整合;稀缺资源;定向增发;化工;石油、化学、塑胶、塑料;四川;原材料;
002134,天津普林,电子元器件,天津国资整合;中概股回归;中价;债转股;中韩自贸区;壳资源;汇金持股;电子;电子;天津;技术硬件与设备;
002347,泰尔重工,机械配件,航天军工;农村金融;智能制造;安徽自贸区;机械设备;机械、设备、仪表;安徽;资本货物;
002310,东方园林,园林工程,美丽中国;深成500;沪深300;深股通;大订单;节能环保;海绵城市;融资融券;操盘手80;PPP概念;明星基金;基金增仓;深证100;转融券;建筑装饰;建筑业;北京;商业和专业服务;
300095,华伍股份,机械配件,风能;高铁;新三板;通用航空;股权投资;机械设备;机械、设备、仪表;江西;资本货物;
002256,彩虹精化,化工,QFII持股;储能概念;能源互联网;员工持股;重组并购;共享经济;新能源汽车;汇金持股;深股通;太阳能;化工;石油、化学、塑胶、塑料;广东;原材料;
002239,金飞达,汽车配件,深股通;高送转;重组并购;明星基金;基金增仓;锂电池;纺织服装;纺织、服装、皮毛;江苏;汽车与汽车零部件;
002371,七星电子,电子设备,预盈预增;转融券;融资融券;重组并购;深成500;中证500;大订单;明星基金;智能穿戴;太阳能;汇金持股;深股通;电子;电子;北京;技术硬件与设备;
002415,海康威视,电子设备,融资融券;明星基金;QFII持股;智慧城市;沪深300;转融券;国资委整合;生物识别;TMT概念;深成500;中证100;深证100;国家安全;深股通;大盘;汇金持股;央视50;在线教育;计算机;电子;浙江;技术硬件与设备;
002115,三维通信,通信设备,新三板;4G5G;IPV6;量子通信;通信;信息技术业;浙江;技术硬件与设备;
300044,赛为智能,软件及系统,PPP概念;无人机;大订单;智能制造;高铁;智慧城市;生物识别;网络游戏;智能电网;手机游戏;重组并购;增持回购;计算机;信息技术业;广东;软件与服务;
002050,三花股份,家电,重组并购;转融券;汇金持股;深股通;太阳能;融资融券;中证500;深成500;家用电器;机械、设备、仪表;浙江;资本货物;
002515,金字火腿,食品饮料,金融改革;预盈预增;双创概念;移动软件;中盘;食品饮料;食品、饮料;浙江;食品、饮料与烟草;
002297,博云新材,复合材料,重组并购;新材料;航天军工;汇金持股;超级电容;石墨烯;高校概念;国资委整合;大飞机;国防军工;金属、非金属;湖南;资本货物;
002209,达意隆,轻工机械,电子商务;智能制造;重组并购;金融改革;机械设备;机械、设备、仪表;广东;资本货物;
002503,搜于特,服装,高送转;深股通;电子商务;基金增仓;中证500;移动软件;纺织服装;纺织、服装、皮毛;广东;零售业;
002315,焦点科技,互联网,股权投资;高价;电子支付;深股通;中证500;健康中国;参股金融;电子商务;在线教育;新三板;智慧城市;汇金持股;虚拟现实;预盈预增;高送转;传媒;信息技术业;江苏;软件与服务;
300136,信维通信,通信设备,员工持股;4G5G;移动软件;智能穿戴;增持回购;中证500;深股通;预盈预增;财政扶持;智能手机;TMT概念;明星基金;深成500;电子;信息技术业;广东;技术硬件与设备;
002238,天威视讯,文化传媒,深股通;广东国资整合;王亚伟概念;港股通;中价;数字电视;三网融合;3D影视;新三板;新媒体;中证500;港股通(深);传媒;传播与文化产业;广东;媒体;
002001,新和成,医药制造,维生素;转融券;特种药;汇金持股;深股通;再融资;双创概念;融资融券;定向增发;深成500;中证500;医药生物;医药、生物制品;浙江;制药与生物科技;
002434,万里扬,汽车配件,汇金持股;航天军工;深股通;重组并购;员工持股;汽车;机械、设备、仪表;浙江;汽车与汽车零部件;
002027,七喜控股,文化传媒,基金增仓;电子竞技;深成500;中证100;TMT概念;QFII持股;深证100;深股通;沪深300;地理信息;大盘;计算机;信息技术业;广东;媒体;
002031,巨轮股份,专用设备,深股通;低价;深成500;汇金持股;智能制造;员工持股;金融改革;海洋工程;机械设备;机械、设备、仪表;广东;资本货物;
002086,东方海洋,牧渔,中韩自贸区;海洋经济;精准医疗;深股通;健康中国;再融资;民营医院;员工持股;定向增发;农林牧渔;农、林、牧、渔业;山东;食品、饮料与烟草;
002424,贵州百灵,中药,基金增仓;西部开发;汇金持股;沪深300;深股通;转融券;深成500;民营医院;特种药;融资融券;医药生物;医药、生物制品;贵州;制药与生物科技;
002543,万和电气,家电,电子商务;农村金融;参股金融;家用电器;机械、设备、仪表;广东;耐用消费品与服装;
002033,丽江旅游,旅游,西部开发;汇金持股;基金增仓;券商重仓;中价;举牌;休闲服务;社会服务业;云南;消费者服务;
002288,超华科技,电子元器件,智能穿戴;新材料;金融改革;深股通;电子;电子;广东;技术硬件与设备;
002316,键桥通讯,通信设备,物联网;重组并购;大数据;电子支付;参股金融;金融改革;智慧城市;4G5G;通信;信息技术业;广东;软件与服务;
002395,双象股份,化纤,新材料;定向增发;体育概念;再融资;基金增仓;化工;石油、化学、塑胶、塑料;江苏;原材料;
002208,合肥城建,房地产,港股通(深);地方国资整合;IPO受益;保障房;安徽自贸区;房地产;房地产业;安徽;房地产;
300067,安诺其,化工,汇金持股;PPP概念;电子商务;特色化工;节能环保;定向增发;再融资;化工;石油、化学、塑胶、塑料;上海;原材料;
002116,中国海诚,工程建筑,昨日涨停;基金增仓;智能制造;国资委整合;IPO受益;混改;智慧城市;中价;建筑装饰;社会服务业;上海;商业和专业服务;
002321,华英农业,牧渔,定向增发;地方国资整合;再融资;电子商务;农林牧渔;农、林、牧、渔业;河南;食品、饮料与烟草;
000034,ST深泰,零售业,预盈预增;操盘手80;定向增发;基金增仓;深成500;再融资;明星基金;云计算;深股通;员工持股;农林牧渔;食品、饮料;广东;技术硬件与设备;
000035,*ST科健,环境保护,股权转让;港股通(深);深股通;中盘;节能环保;员工持股;公用事业;信息技术业;江苏;商业和专业服务;
002144,宏达高科,纺织,基金增仓;新三板;金融改革;股权投资;汇金持股;纺织服装;纺织、服装、皮毛;浙江;耐用消费品与服装;
002068,黑猫股份,化工,地方国资整合;煤化工;再融资;定向增发;汇金持股;化工;石油、化学、塑胶、塑料;江西;原材料;
002028,思源电气,电气设备,转融券;一带一路;充电桩;中价;汇金持股;基金增仓;物联网;智能电网;中证500;深股通;融资融券;电气设备;机械、设备、仪表;上海;资本货物;
002512,达华智能,电子元器件,参股金融;在线教育;电子商务;智能穿戴;智慧城市;股权转让;电子支付;金融IC卡;深成500;物联网;中证500;中价;深股通;计算机;电子;广东;技术硬件与设备;
002393,力生制药,医药制造,转融券;深股通;汇金持股;融资融券;天津国资整合;医药生物;医药、生物制品;天津;制药与生物科技;
002513,蓝丰生化,农药,汇金持股;QFII持股;生态农业;特种药;预亏预减;壳资源;摘帽;中价;ST;化工;石油、化学、塑胶、塑料;江苏;原材料;
002561,徐家汇,零售业,汇金持股;电子商务;融资融券;上海国资整合;迪士尼;商业贸易;批发和零售贸易;上海;零售业;
002345,潮宏基,轻工产品,中证500;深股通;电子商务;黄金概念;迪士尼;广东自贸区;员工持股;轻工制造;其他制造业;广东;耐用消费品与服装;
300069,金利华电,电气设备,预亏预减;股权转让;金融改革;智能电网;电气设备;机械、设备、仪表;浙江;资本货物;
002484,江海股份,电子元器件,基金增仓;中价;深股通;石墨烯;超级电容;汇金持股;新材料;新能源汽车;电子;电子;江苏;技术硬件与设备;
300129,泰胜风能,电气设备,风能;汇金持股;基金增仓;电气设备;机械、设备、仪表;上海;资本货物;
000002,万科Ａ,房地产,华润系;恒大概念;保障房;H股;沪深300;大盘;AH股;央视50;转融券;股权转让;中证100;港股通;股权投资;举牌;深成500;港股通(深);深证100;深股通;参股金融;证金持股;融资融券;房地产;房地产业;广东;房地产;
002186,全聚德,酒店餐饮,汇金持股;地方国资整合;港股通;体育概念;港股通(深);休闲服务;社会服务业;北京;消费者服务;
002447,壹桥苗业,牧渔,深股通;手机游戏;海洋经济;农村金融;振兴东北;中盘;农林牧渔;农、林、牧、渔业;辽宁;食品、饮料与烟草;
002378,章源钨业,有色矿采,转融券;稀缺资源;融资融券;小金属;深股通;有色金属;金属、非金属;江西;原材料;
002419,天虹商场,零售业,融资融券;金融改革;电子商务;QFII持股;虚拟现实;博彩概念;转融券;国资委整合;移动软件;汇金持股;中价;深股通;商业贸易;批发和零售贸易;广东;零售业;
002384,东山精密,金属制品,新三板;明星基金;中证500;太阳能;深股通;智能穿戴;深成500;新能源汽车;LED;电子;金属、非金属;江苏;资本货物;
002121,科陆电子,仪器仪表,储能概念;汇金持股;智能电网;深成500;大订单;风能;太阳能;智慧城市;充电桩;能源互联网;深股通;参股金融;新三板;金融改革;电气设备;机械、设备、仪表;广东;资本货物;
002527,新时达,专用设备,重组并购;智能制造;深股通;电气设备;机械、设备、仪表;上海;资本货物;
002219,独一味,医疗服务,转融券;特种药;汇金持股;成渝特区;精准医疗;融资融券;民营医院;健康中国;医药生物;医药、生物制品;甘肃;制药与生物科技;
002334,英威腾,电气设备,节能环保;智能制造;深股通;预盈预增;高铁;共享经济;电气设备;机械、设备、仪表;广东;资本货物;
002207,准油股份,石油石化,QFII持股;股权冻结;油改概念;股权转让;基金增仓;中价;采掘;采掘业;新疆;能源;
002349,精华制药,中药,高送转;深股通;地方国资整合;QFII持股;新三板;特种药;医药生物;医药、生物制品;江苏;制药与生物科技;
002072,*ST德棉,互联网,举牌;电子商务;博彩概念;汇金持股;纺织服装;纺织、服装、皮毛;山东;耐用消费品与服装;
300085,银之杰,软件及系统,大数据;电子商务;深股通;沪深300;再融资;参股金融;定向增发;深成500;基金增仓;深证100;计算机;信息技术业;广东;软件与服务;
002521,齐峰股份,造纸,定向增发;再融资;融资融券;汇金持股;轻工制造;造纸、印刷;山东;原材料;
002154,报喜鸟,服装,转融券;汇金持股;SDR概念;融资融券;电子商务;低价;纺织服装;纺织、服装、皮毛;浙江;耐用消费品与服装;
002282,博深工具,专用设备,京津冀;港股通(深);新材料;港股通;QFII持股;重组并购;汇金持股;高铁;机械设备;机械、设备、仪表;河北;资本货物;
002140,东华科技,工程建筑,转融券;国资委整合;PPP概念;汇金持股;安徽自贸区;煤化工;深股通;大订单;融资融券;节能环保;电子商务;建筑装饰;建筑业;安徽;资本货物;
002147,方圆支承,房地产,机械设备;机械、设备、仪表;安徽;房地产;
002275,桂林三金,中药,深股通;精准医疗;参股金融;转融券;融资融券;特种药;汇金持股;医药生物;医药、生物制品;广西;制药与生物科技;
300126,锐奇股份,轻工产品,新三板;智能手机;汇金持股;智能制造;机械设备;机械、设备、仪表;上海;资本货物;
002227,奥特迅,电气设备,汇金持股;核电核能;深股通;智能电网;充电桩;电气设备;机械、设备、仪表;广东;资本货物;
002119,康强电子,电子元器件,举牌;泽熙概念;电子支付;股权冻结;电子;电子;浙江;半导体与半导体生产设备;
002406,远东传动,机械配件,内陆自贸区;航天军工;智能制造;汽车;机械、设备、仪表;河南;汽车与汽车零部件;
002558,世纪游轮,互联网,成渝特区;高价;电子竞技;网络游戏;手机游戏;休闲服务;社会服务业;重庆;软件与服务;
300101,国腾电子,通信设备,深成500;汇金持股;北斗导航;智慧城市;深股通;地理信息;航天军工;手机游戏;成渝特区;国家安全;国防军工;信息技术业;四川;资本货物;
002074,东源电器,复合材料,预亏预减;锂电池;新能源汽车;深股通;特色化工;深成500;沪深300;再融资;大订单;储能概念;电气设备;机械、设备、仪表;江苏;资本货物;
002098,浔兴股份,服装,股权转让;汇金持股;体育概念;金融改革;纺织服装;其他制造业;福建;耐用消费品与服装;
300110,华仁药业,医药制造,基金增仓;预盈预增;透析;深股通;医药生物;医药、生物制品;山东;制药与生物科技;
300145,南方泵业,环境保护,股权转让;节能环保;增持回购;PPP概念;大订单;社保重仓;海绵城市;深股通;循环经济;机械设备;机械、设备、仪表;浙江;资本货物;
002462,嘉事堂,医药流通,电子商务;深股通;重组并购;QFII持股;国资委整合;汇金持股;医药生物;批发和零售贸易;北京;医疗保健设备与服务;
300083,劲胜股份,电子元器件,预盈预增;智能手机;深成500;新材料;虚拟现实;深股通;电子;电子;广东;技术硬件与设备;
002193,山东如意,纺织,债转股;中韩自贸区;重组并购;纺织服装;纺织、服装、皮毛;山东;耐用消费品与服装;
300180,华峰超纤,化纤,新材料;汇金持股;QFII持股;电子支付;重组并购;化工;石油、化学、塑胶、塑料;上海;原材料;
002438,江苏神通,机械配件,核电核能;高送转;机械设备;机械、设备、仪表;江苏;资本货物;
002272,川润股份,专用设备,成渝特区;重组并购;机械设备;机械、设备、仪表;四川;资本货物;
300040,九洲电气,电气设备,风能;充电桩;大订单;振兴东北;储能概念;能源互联网;汇金持股;智能电网;节能环保;重组并购;电气设备;机械、设备、仪表;黑龙江;资本货物;
300041,回天胶业,复合材料,新材料;定向增发;员工持股;券商重仓;太阳能;再融资;化工;石油、化学、塑胶、塑料;湖北;原材料;
002472,双环传动,机械配件,智能制造;中盘;股权激励;重组并购;汽车;机械、设备、仪表;浙江;汽车与汽车零部件;
002278,神开股份,专用设备,海洋工程;举牌;三沙概念;股权冻结;页岩气;机械设备;机械、设备、仪表;上海;能源;
002145,*ST钛白,化工,农村金融;预盈预增;财政扶持;深成500;新材料;深股通;节能环保;化工;石油、化学、塑胶、塑料;甘肃;原材料;
002365,永安药业,医药制造,基金增仓;明星基金;举牌;汇金持股;医药生物;医药、生物制品;湖北;制药与生物科技;
002264,新华都,零售业,博彩概念;体育概念;移动软件;中概股回归;中盘;海西概念;电子商务;商业贸易;批发和零售贸易;福建;食品与主要用品零售;
002502,骅威股份,文化传媒,网络游戏;手机游戏;基金增仓;中概股回归;深股通;电子商务;中盘;农村金融;新媒体;轻工制造;造纸、印刷;广东;媒体;
300048,合康变频,电气设备,充电桩;中盘;深股通;新能源汽车;节能环保;共享经济;电气设备;机械、设备、仪表;北京;资本货物;
002250,联化科技,化工,金融改革;融资融券;股权激励;操盘手80;明星基金;基金增仓;转融券;深成500;汇金持股;深股通;中证500;中价;化工;石油、化学、塑胶、塑料;浙江;原材料;
002097,山河智能,工程机械,无人机;智能制造;中盘;航天军工;深股通;通用航空;机械设备;机械、设备、仪表;湖南;资本货物;
002518,科士达,电气设备,融资融券;转融券;充电桩;太阳能;深股通;电气设备;机械、设备、仪表;广东;资本货物;
300179,四方达,复合材料,新材料;财政扶持;汇金持股;增持回购;机械设备;金属、非金属;河南;原材料;
002142,宁波银行,银行,大盘;基金增仓;举牌;QFII持股;转融券;深证100;汇金持股;深成500;深股通;沪深300;融资融券;银行;金融、保险业;浙江;银行;
300013,新宁物流,仓储物流,上海自贸区;新三板;新能源汽车;智慧城市;北斗导航;共享经济;交通运输;交通运输、仓储业;江苏;运输;
300102,乾照光电,电子元器件,LED;北斗导航;太阳能;员工持股;预盈预增;新材料;基金增仓;电子;电子;福建;半导体与半导体生产设备;
300155,安居宝,电子设备,深股通;智慧城市;共享经济;广东自贸区;新三板;物联网;国家安全;移动软件;计算机;电子;广东;技术硬件与设备;
002002,ST琼花,化工,举牌;深股通;节能环保;PPP概念;再融资;定向增发;深成500;基金增仓;中证500;大订单;稀土永磁;化工;石油、化学、塑胶、塑料;江苏;原材料;
002066,瑞泰科技,建材,国资委整合;汇金持股;混改;新材料;建筑材料;金属、非金属;北京;原材料;
002073,软控股份,专用设备,智能制造;电子商务;新材料;物联网;智慧城市;中证500;深股通;循环经济;融资融券;深成500;转融券;汇金持股;机械设备;机械、设备、仪表;山东;资本货物;
002279,久其软件,软件及系统,共享经济;云计算;去IOE概念;手机游戏;电子商务;国家安全;大数据;深股通;养老概念;地理信息;重组并购;汇金持股;智慧城市;计算机;信息技术业;北京;软件与服务;
002466,天齐锂业,复合材料,沪深300;深证100;锂电池;深成500;深股通;大盘;新能源汽车;西部开发;汇金持股;有色金属;石油、化学、塑胶、塑料;四川;原材料;
000032,深桑达Ａ,贸易,中国电子系;金融IC卡;航天军工;国资委整合;新能源汽车;中价;基金增仓;重组并购;电子支付;广东自贸区;锂电池;通信;电子;广东;技术硬件与设备;
002435,长江润发,专用设备,注资承诺;基金增仓;新材料;机械设备;机械、设备、仪表;江苏;资本货物;
300045,华力创通,专用设备,地理信息;虚拟现实;航天军工;高铁;通用航空;北斗导航;深股通;AR概念;重组并购;计算机;机械、设备、仪表;北京;资本货物;
000014,沙河股份,房地产,港股通;深建设系;广东国资整合;港股通(深);广东自贸区;举牌;房地产;房地产业;广东;房地产;
002508,老板电器,家电,深股通;深成500;融资融券;QFII持股;大盘;转融券;明星基金;中证500;家用电器;机械、设备、仪表;浙江;耐用消费品与服装;
002005,德豪润达,家电,港股通(深);低价;转融券;汇金持股;深股通;再融资;LED;融资融券;股权冻结;广东自贸区;电子商务;定向增发;深成500;中证500;电子;机械、设备、仪表;广东;耐用消费品与服装;
002159,三特索道,旅游,举牌;券商重仓;增持回购;内陆自贸区;预亏预减;休闲服务;社会服务业;湖北;消费者服务;
002465,海格通信,航天国防,沪深300;深证100;深成500;新三板;深股通;转融券;海洋工程;重组并购;融资融券;国家安全;大订单;地理信息;虚拟现实;三网融合;TMT概念;智慧城市;北斗导航;广东国资整合;股权激励;航天军工;通信;信息技术业;广东;技术硬件与设备;
002557,洽洽食品,食品饮料,安徽自贸区;中价;深股通;融资融券;电子商务;食品饮料;食品、饮料;安徽;食品、饮料与烟草;
002202,金风科技,电气设备,港股通(深);H股;融资融券;深证100;能源互联网;深成500;基金增仓;转融券;大盘;风能;沪深300;汇金持股;举牌;深股通;AH股;电气设备;机械、设备、仪表;新疆;资本货物;
002216,三全食品,食品饮料,深股通;参股金融;电子商务;迪士尼;食品饮料;食品、饮料;河南;食品、饮料与烟草;
300131,英唐智控,电子元器件,员工持股;物联网;电子商务;智能制造;券商重仓;预亏预减;深股通;中盘;智慧城市;电子;电子;广东;技术硬件与设备;
300052,中青宝,互联网,转融券;手机游戏;云计算;博彩概念;智能手机;融资融券;电子竞技;网络游戏;注资承诺;移动软件;传媒;信息技术业;广东;软件与服务;
002183,怡亚通,仓储物流,深证100;员工持股;深股通;定向增发;深成500;沪深300;融资融券;电子商务;物联网;金融改革;再融资;广东自贸区;转融券;智慧城市;增持回购;交通运输;社会服务业;广东;商业和专业服务;
300056,三维丝,环境保护,美丽中国;深股通;PM2.5;社保重仓;节能环保;增持回购;公用事业;机械、设备、仪表;福建;资本货物;
002218,拓日新能,复合材料,汇金持股;太阳能;高送转;昨日涨停;电气设备;电子;广东;半导体与半导体生产设备;
002354,科冕木业,互联网,网络游戏;虚拟现实;高送转;明星基金;重组并购;高价;深成500;手机游戏;电子竞技;中证500;深股通;TMT概念;移动软件;参股金融;电子商务;传媒;木材、家具;辽宁;软件与服务;
002369,卓翼科技,通信设备,智能制造;移动软件;股权激励;举牌;4G5G;新三板;转融券;港股通(深);融资融券;虚拟现实;智能手机;电子;信息技术业;广东;技术硬件与设备;
002135,东南网架,工程建筑,定向增发;再融资;预盈预增;深股通;建筑装饰;建筑业;浙江;资本货物;
002428,云南锗业,有色矿采,新材料;中证500;汇金持股;财政扶持;循环经济;转融券;深股通;深成500;西部开发;小金属;融资融券;有色金属;金属、非金属;云南;原材料;
002311,海大集团,饲料加工,特种药;深成500;深股通;中证500;中价;融资融券;生猪概念;QFII持股;汇金持股;员工持股;转融券;农林牧渔;食品、饮料;广东;食品、饮料与烟草;
002457,青龙管业,建材,一带一路;海绵城市;农村金融;西部开发;汇金持股;水利;建筑材料;金属、非金属;宁夏;资本货物;
002109,兴化股份,化工,地方国资整合;煤化工;ST;摘帽;预盈预增;重组并购;化工;石油、化学、塑胶、塑料;陕西;原材料;
300026,红日药业,中药,券商重仓;深成500;低价;智慧城市;中证500;深股通;抗病毒;转融券;融资融券;智能穿戴;医药生物;医药、生物制品;天津;制药与生物科技;
002533,金杯电工,电气设备,高铁;充电桩;汇金持股;定向增发;深股通;再融资;航天军工;参股金融;电气设备;机械、设备、仪表;湖南;资本货物;
002150,江苏通润,金属制品,太阳能;汇金持股;中价;壳资源;机械设备;金属、非金属;江苏;原材料;
002360,同德化工,化工,中概股回归;金融改革;化工;石油、化学、塑胶、塑料;山西;原材料;
002418,康盛股份,机械配件,涉矿概念;QFII持股;锂电池;深股通;农村金融;燃料电池;家用电器;机械、设备、仪表;浙江;耐用消费品与服装;
000301,东方市场,电力,低价;参股金融;QFII持股;中盘;物联网;地方国资整合;电子商务;双创概念;IPO受益;证金持股;农村金融;股权转让;公用事业;电力、煤气及水的生产和供应业;江苏;公用事业;
300082,奥克股份,化工,锂电池;汇金持股;太阳能;SDR概念;节能环保;新三板;振兴东北;中盘;化工;石油、化学、塑胶、塑料;辽宁;原材料;
300078,中瑞思创,医疗服务,智能制造;深成500;物联网;健康中国;智慧城市;新三板;深股通;电子;电子;浙江;技术硬件与设备;
002155,辰州矿业,有色矿采,黄金概念;重组并购;小金属;湖南国资整合;汇金持股;深股通;稀缺资源;预盈预增;中证500;深成500;有色金属;采掘业;湖南;原材料;
002350,北京科锐,电气设备,新三板;能源互联网;智能电网;汇金持股;电气设备;机械、设备、仪表;北京;资本货物;
002482,广田股份,工程建筑,深成500;转融券;新三板;生物识别;中证500;体育概念;深股通;融资融券;汇金持股;智能制造;智慧城市;建筑装饰;建筑业;广东;资本货物;
300115,长盈精密,电子元器件,智能手机;TMT概念;融资融券;中证500;智能制造;基金增仓;虚拟现实;转融券;深成500;汇金持股;LED;深股通;明星基金;电子;电子;广东;技术硬件与设备;
300164,通源石油,石油石化,西部开发;页岩气;油改概念;股权激励;采掘;采掘业;陕西;能源;
002151,北斗星通,通信设备,转融券;物联网;航天军工;海洋工程;融资融券;深股通;北斗导航;地理信息;深成500;国防军工;信息技术业;北京;技术硬件与设备;
002281,光迅科技,通信设备,明星基金;融资融券;高送转;国资委整合;中证500;智慧城市;深成500;宽带中国;高价;基金增仓;转融券;券商重仓;汇金持股;三网融合;量子通信;深股通;操盘手80;通信;信息技术业;湖北;技术硬件与设备;
002546,新联电子,电气设备,大订单;能源互联网;深股通;智能电网;电气设备;机械、设备、仪表;江苏;技术硬件与设备;
002104,恒宝股份,电子元器件,生物识别;汇金持股;深股通;深成500;电子支付;融资融券;金融IC卡;电子商务;物联网;转融券;通信;电子;江苏;技术硬件与设备;
002346,柘中建设,电气设备,体育概念;新媒体;建筑材料;金属、非金属;上海;资本货物;
002280,新世纪,软件及系统,PM2.5;去IOE概念;网络游戏;电子商务;智能穿戴;深成500;重组并购;手机游戏;电子竞技;虚拟现实;国家安全;双创概念;深股通;计算机;信息技术业;浙江;软件与服务;
002404,嘉欣丝绸,纺织,太阳能;再融资;电子商务;定向增发;纺织服装;纺织、服装、皮毛;浙江;耐用消费品与服装;
300119,瑞普生物,生物制品,特种药;新三板;中价;抗病毒;农林牧渔;医药、生物制品;天津;制药与生物科技;
002125,湘潭电化,化工,湖南国资整合;涉矿概念;小金属;壳资源;化工;石油、化学、塑胶、塑料;湖南;原材料;
300062,中能电气,电气设备,能源互联网;充电桩;高送转;高铁;定向增发;智能电网;再融资;电气设备;机械、设备、仪表;福建;资本货物;
002440,闰土股份,化工,深股通;特色化工;融资融券;循环经济;汇金持股;深成500;转融券;中证500;金融改革;化工;石油、化学、塑胶、塑料;浙江;原材料;
300135,宝利沥青,化工,油改概念;通用航空;节能环保;PM2.5;低价;化工;石油、化学、塑胶、塑料;江苏;原材料;
002450,康得新,化工,智能穿戴;举牌;深成500;3D影视;大盘;深股通;参股金融;融资融券;汇金持股;虚拟现实;新材料;沪深300;转融券;深证100;智能手机;化工;石油、化学、塑胶、塑料;江苏;原材料;
002069,獐子岛,牧渔,智慧城市;摘帽;振兴东北;预盈预增;电子商务;ST;海洋经济;农林牧渔;农、林、牧、渔业;辽宁;食品、饮料与烟草;
002167,东方锆业,有色矿采,再融资;核电核能;国资委整合;定向增发;员工持股;新材料;稀土永磁;航天军工;小金属;农村金融;中盘;有色金属;石油、化学、塑胶、塑料;广东;原材料;
300150,世纪瑞尔,电子设备,智慧城市;高铁;重组并购;新三板;员工持股;昨日涨停;计算机;信息技术业;北京;软件与服务;
002029,七匹狼,服装,SDR概念;转融券;汇金持股;电子商务;中证500;深股通;参股金融;IPO受益;融资融券;纺织服装;纺织、服装、皮毛;福建;耐用消费品与服装;
002325,洪涛股份,工程建筑,转融券;在线教育;融资融券;中证500;深成500;电子商务;明星基金;深股通;建筑装饰;建筑业;广东;资本货物;
002085,万丰奥威,汽车配件,新能源汽车;大盘;举牌;深股通;明星基金;深成500;沪深300;汽车;机械、设备、仪表;浙江;汽车与汽车零部件;
300127,银河磁体,复合材料,稀土永磁;成渝特区;汇金持股;有色金属;电子;四川;技术硬件与设备;
300054,鼎龙股份,化工,深股通;社保重仓;明星基金;化工;石油、化学、塑胶、塑料;湖北;原材料;
300183,东软载波,电气设备,央视50;汇金持股;智慧城市;深股通;智能电网;智能手机;智能穿戴;电子;信息技术业;山东;软件与服务;
300120,经纬电材,电气设备,重组并购;智能电网;汇金持股;电气设备;机械、设备、仪表;天津;资本货物;
300128,锦富新材,电子元器件,地理信息;深股通;中韩自贸区;转融券;智能手机;融资融券;智能穿戴;智能制造;石墨烯;3D影视;新材料;预盈预增;电子;电子;江苏;技术硬件与设备;
002191,劲嘉股份,包装印刷,再融资;精准医疗;智能制造;定向增发;深成500;转融券;美丽中国;新材料;深股通;物联网;中证500;健康中国;融资融券;轻工制造;造纸、印刷;广东;商业和专业服务;
002137,实益达,互联网,中盘;电子商务;深股通;新三板;增持回购;LED;电子;电子;广东;技术硬件与设备;
002481,双塔食品,食品饮料,深成500;增持回购;深股通;地方国资整合;涉矿概念;食品饮料;食品、饮料;山东;食品、饮料与烟草;
002464,金利科技,互联网,电子商务;高送转;明星基金;深股通;高价;重组并购;网络游戏;电子竞技;化工;石油、化学、塑胶、塑料;江苏;软件与服务;
002403,爱仕达,家电,SDR概念;土地流转;参股金融;电子商务;QFII持股;智能制造;家用电器;金属、非金属;浙江;耐用消费品与服装;
300098,高新兴,通信设备,三网融合;大订单;生物识别;重组并购;广东自贸区;AR概念;智能制造;物联网;新三板;虚拟现实;4G5G;智慧城市;深股通;深成500;PPP概念;通信;信息技术业;广东;软件与服务;
002070,众和股份,纺织,股权冻结;中价;锂电池;新能源汽车;深股通;融资融券;涉矿概念;重组并购;转融券;纺织服装;纺织、服装、皮毛;福建;耐用消费品与服装;
002379,鲁丰股份,有色金属,燃料电池;节能环保;摘帽;股权转让;ST;有色金属;金属、非金属;山东;原材料;
002382,蓝帆股份,医疗服务,透析;港股通;健康中国;股权冻结;港股通(深);中盘;化工;石油、化学、塑胶、塑料;山东;原材料;
300118,东方日升,电子元器件,深股通;再融资;电子商务;深成500;汇金持股;太阳能;中价;定向增发;电气设备;电子;浙江;技术硬件与设备;
002436,兴森科技,电子元器件,深股通;增持回购;电子;电子;广东;技术硬件与设备;
300025,华星创业,通信服务,4G5G;基金增仓;通信;信息技术业;浙江;软件与服务;
300086,康芝药业,医药制造,婴童概念;特种药;精准医疗;中盘;医药生物;医药、生物制品;海南;制药与生物科技;
002025,航天电器,电子元器件,转融券;中证500;深股通;汇金持股;航天军工;物联网;西部开发;深成500;北斗导航;融资融券;国资委整合;重组并购;电子;电子;贵州;资本货物;
002307,北新路桥,工程建筑,定向增发;农村金融;汇金持股;再融资;PPP概念;转融券;农垦概念;西部开发;地方国资整合;参股金融;一带一路;大订单;融资融券;建筑装饰;建筑业;新疆;资本货物;
002556,辉隆股份,零售业,安徽自贸区;深股通;融资融券;电子商务;金融改革;转融券;无人机;地方国资整合;土地流转;化工;批发和零售贸易;安徽;资本货物;
002172,澳洋科技,化纤,深股通;养老概念;民营医院;重组并购;精准医疗;再融资;基金增仓;中盘;定向增发;化工;石油、化学、塑胶、塑料;江苏;原材料;
300036,超图软件,软件及系统,深股通;移动软件;云计算;智能手机;北斗导航;深成500;员工持股;基金增仓;物联网;虚拟现实;大数据;智慧城市;地理信息;计算机;信息技术业;北京;软件与服务;
002459,天业通联,工程机械,涉矿概念;汇金持股;特色化工;机械设备;机械、设备、仪表;河北;资本货物;
002531,天顺风能,电气设备,风能;基金增仓;汇金持股;深股通;增持回购;节能环保;QFII持股;电气设备;机械、设备、仪表;江苏;资本货物;
002259,升达林业,木材家具,智慧城市;土地流转;天然气概念;美丽中国;员工持股;成渝特区;中盘;节能环保;轻工制造;木材、家具;四川;原材料;
002467,二六三,通信服务,4G5G;IPV6;深成500;新三板;深股通;转融券;增持回购;融资融券;虚拟运营商;宽带中国;网红经济;汇金持股;通信;信息技术业;北京;电信业务;
300134,大富科技,通信设备,物联网;智能制造;虚拟现实;三网融合;大订单;4G5G;智能穿戴;股权激励;新能源汽车;重组并购;石墨烯;中证500;新三板;新材料;深股通;转融券;智能手机;TMT概念;融资融券;深成500;通信;信息技术业;广东;技术硬件与设备;
002269,美邦服饰,服装,股权激励;中证500;深股通;低价;婴童概念;转融券;融资融券;SDR概念;汇金持股;金融改革;迪士尼;电子商务;纺织服装;批发和零售贸易;上海;耐用消费品与服装;
002220,天宝股份,食品饮料,中韩自贸区;振兴东北;农林牧渔;食品、饮料;辽宁;食品、饮料与烟草;
002529,海源机械,专用设备,壳资源;3D打印;新材料;新能源汽车;股权转让;机械设备;机械、设备、仪表;福建;资本货物;
002427,尤夫股份,化纤,券商重仓;锂电池;股权转让;深股通;员工持股;化工;石油、化学、塑胶、塑料;浙江;原材料;
002364,中恒电气,电气设备,核电核能;券商重仓;能源互联网;深股通;充电桩;电气设备;机械、设备、仪表;浙江;资本货物;
002414,高德红外,航天国防,智能手机;融资融券;员工持股;无人机;基金增仓;转融券;中证500;深成500;航天军工;深股通;智能汽车;电子;电子;湖北;技术硬件与设备;
300079,数码视讯,通信设备,深成500;宽带中国;虚拟现实;博彩概念;三网融合;金融改革;深股通;数字电视;转融券;融资融券;计算机;信息技术业;北京;技术硬件与设备;
002400,省广股份,文化传媒,转融券;新三板;深成500;广东国资整合;重组并购;中证500;大数据;深股通;融资融券;社保重仓;电子商务;QFII持股;传媒;社会服务业;广东;媒体;
002013,中航精机,航天国防,国资委整合;预盈预增;债转股;股权转让;中航系;无人机;大飞机;中证500;深成500;航天军工;汇金持股;深股通;国防军工;机械、设备、仪表;湖北;资本货物;
002433,太安堂,中药,再融资;健康中国;深股通;基金增仓;汇金持股;定向增发;电子商务;医药生物;医药、生物制品;广东;制药与生物科技;
002517,泰亚股份,互联网,预盈预增;虚拟现实;网络游戏;基金增仓;电子竞技;深成500;TMT概念;中盘;深股通;网红经济;AR概念;纺织服装;纺织、服装、皮毛;福建;软件与服务;
300001,特锐德,电气设备,智能电网;太阳能;深股通;一带一路;深成500;PPP概念;充电桩;融资融券;中证500;大订单;高铁;转融券;电气设备;机械、设备、仪表;山东;资本货物;
300055,万邦达,环境保护,美丽中国;转融券;中证500;深股通;深成500;PPP概念;节能环保;融资融券;公用事业;建筑业;北京;公用事业;
002194,武汉凡谷,通信设备,4G5G;中证500;宽带中国;深股通;物联网;汇金持股;三网融合;通信;信息技术业;湖北;技术硬件与设备;
002522,浙江众成,塑胶制品,金融改革;深成500;明星基金;新材料;深股通;轻工制造;石油、化学、塑胶、塑料;浙江;原材料;
002486,嘉麟杰,服装,重组并购;虚拟现实;手机游戏;体育概念;AR概念;汇金持股;预亏预减;股权转让;纺织服装;纺织、服装、皮毛;上海;耐用消费品与服装;
002127,新民科技,互联网,网红经济;重组并购;电子商务;员工持股;深股通;化工;石油、化学、塑胶、塑料;江苏;消费者服务;
002420,毅昌股份,家电,汇金持股;家用电器;石油、化学、塑胶、塑料;广东;耐用消费品与服装;
002196,方正电机,专用设备,港股通(深);新能源汽车;港股通;电气设备;机械、设备、仪表;浙江;资本货物;
002180,万力达,电子元器件,深股通;深成500;涉矿概念;智能电网;增持回购;电子;机械、设备、仪表;广东;技术硬件与设备;
002494,华斯股份,服装,电子商务;再融资;社保重仓;定向增发;网红经济;纺织服装;纺织、服装、皮毛;河北;耐用消费品与服装;
002064,华峰氨纶,化纤,深股通;中证500;低价;融资融券;转融券;汇金持股;金融改革;化工;石油、化学、塑胶、塑料;浙江;原材料;
002099,海翔药业,医药制造,基金增仓;员工持股;特色化工;深成500;深股通;汇金持股;融资融券;医药生物;医药、生物制品;浙江;制药与生物科技;
002112,三变科技,电气设备,农村金融;举牌;智能电网;地方国资整合;汇金持股;电气设备;机械、设备、仪表;浙江;资本货物;
002359,齐星铁塔,金属制品,智慧城市;预亏预减;券商重仓;宽带中国;手机游戏;智能电网;电气设备;金属、非金属;山东;原材料;
002158,汉钟精机,专用设备,沪台通;转融券;智慧城市;地热;中盘;融资融券;基金增仓;智能制造;机械设备;机械、设备、仪表;上海;资本货物;
002524,光正钢构,工程建筑,壳资源;参股金融;融资融券;农村金融;一带一路;天然气概念;油改概念;西部开发;转融券;建筑装饰;建筑业;新疆;公用事业;
002157,正邦科技,饲料加工,深股通;生态农业;电子商务;生猪概念;新三板;深成500;农林牧渔;食品、饮料;江西;食品、饮料与烟草;
300077,国民技术,电子元器件,深成500;物联网;深股通;电子支付;恒大概念;IPV6;国家安全;4G5G;去IOE概念;转融券;中价;金融IC卡;融资融券;电子;电子;广东;技术硬件与设备;
002105,信隆实业,摩托自行车,汇金持股;沪台通;健康中国;共享经济;体育概念;养老概念;汽车;机械、设备、仪表;广东;耐用消费品与服装;
000338,潍柴动力,汽车配件,深成500;地方国资整合;深证100;股权投资;证金持股;深股通;H股;沪深300;融资融券;AH股;汇金持股;QFII持股;预盈预增;农业机械;港股通;转融券;港股通(深);汽车;机械、设备、仪表;山东;资本货物;
002391,长青股份,农药,特色化工;生态农业;汇金持股;基金增仓;化工;石油、化学、塑胶、塑料;江苏;原材料;
002049,晶源电子,电子元器件,融资融券;国资委整合;员工持股;深成500;沪深300;航天军工;电子支付;金融IC卡;转融券;蓝宝石;高校概念;汇金持股;深股通;电子;电子;河北;技术硬件与设备;
002065,东华软件,软件及系统,深证100;大数据;股权转让;智慧城市;深成500;深股通;去IOE概念;参股金融;沪深300;融资融券;地理信息;转融券;国家安全;汇金持股;基金增仓;云计算;高送转;TMT概念;股权投资;计算机;信息技术业;北京;软件与服务;
002217,联合化工,电子元器件,深成500;深股通;中证500;预盈预增;循环经济;生物识别;高送转;基金增仓;智能穿戴;新材料;电子;石油、化学、塑胶、塑料;山东;技术硬件与设备;
300171,东富龙,医疗服务,精准医疗;深股通;医药生物;机械、设备、仪表;上海;资本货物;
002453,天马精化,化工,新三板;化工;石油、化学、塑胶、塑料;江苏;原材料;
002120,新海股份,仓储物流,基金重仓;重组并购;基金增仓;操盘手80;明星基金;股权激励;交通运输;其他制造业;浙江;运输;
300185,通裕重工,专用设备,深成500;低价;深股通;核电核能;涉矿概念;风能;无人机;汇金持股;机械设备;机械、设备、仪表;山东;资本货物;
002107,沃华医药,中药,双创概念;中盘;中价;基金增仓;健康中国;养老概念;医药生物;医药、生物制品;山东;制药与生物科技;
002320,海峡股份,水上运输,参股金融;重组并购;注资承诺;地方国资整合;IPO受益;股权投资;海洋经济;深股通;三沙概念;交通运输;交通运输、仓储业;海南;运输;
300166,东方国信,软件及系统,深成500;重组并购;大数据;智慧城市;中证500;TMT概念;深股通;电子商务;计算机;信息技术业;北京;软件与服务;
002348,高乐股份,轻工产品,深股通;手机游戏;婴童概念;中盘;在线教育;3D打印;智能制造;迪士尼;轻工制造;造纸、印刷;广东;耐用消费品与服装;
300074,华平股份,软件及系统,国家安全;健康中国;智慧城市;转融券;精准医疗;在线教育;融资融券;计算机;信息技术业;上海;软件与服务;
300148,天舟文化,文化传媒,婴童概念;在线教育;新三板;新媒体;手机游戏;网络游戏;深股通;传媒;传播与文化产业;湖南;媒体;
300076,宁波GQY,电子设备,智能制造;虚拟现实;在线教育;农村金融;AR概念;举牌;电子;电子;浙江;技术硬件与设备;
002062,宏润建设,工程建筑,定向增发;大订单;再融资;PPP概念;充电桩;中盘;太阳能;建筑装饰;建筑业;浙江;资本货物;
002244,滨江集团,房地产,转融券;股权投资;汇金持股;深股通;融资融券;中证500;深成500;房地产;房地产业;浙江;房地产;
002223,鱼跃医疗,医疗服务,汇金持股;智慧城市;健康中国;养老概念;中证500;深股通;深成500;明星基金;员工持股;转融券;融资融券;QFII持股;医药生物;机械、设备、仪表;江苏;医疗保健设备与服务;
300046,台基股份,电子元器件,航天军工;汇金持股;沪台通;重组并购;电子;电子;湖北;半导体与半导体生产设备;
002340,格林美,环境保护,锂电池;深证100;深股通;节能环保;美丽中国;深成500;新能源汽车;大订单;融资融券;中证500;QFII持股;储能概念;定向增发;汇金持股;太阳能;循环经济;石墨烯;再融资;PPP概念;转融券;小金属;大数据;有色金属;采掘业;广东;商业和专业服务;
002174,梅花伞,互联网,深股通;深成500;沪深300;电子竞技;手机游戏;网络游戏;AR概念;大数据;传媒;木材、家具;福建;软件与服务;
002229,鸿博股份,包装印刷,手机游戏;农村金融;深股通;深成500;博彩概念;体育概念;金融IC卡;员工持股;转融券;融资融券;轻工制造;造纸、印刷;福建;商业和专业服务;
002242,九阳股份,家电,基金增仓;转融券;汇金持股;操盘手80;深股通;电子商务;融资融券;中证500;深成500;家用电器;机械、设备、仪表;山东;耐用消费品与服装;
002385,大北农,饲料加工,汇金持股;大订单;转融券;深证100;生态农业;深股通;深成500;电子商务;沪深300;融资融券;央视50;生猪概念;农林牧渔;食品、饮料;北京;食品、饮料与烟草;
002388,新亚制程,电子设备,新三板;港股通;港股通(深);广东自贸区;蓝宝石;电子商务;电子;电子;广东;技术硬件与设备;
002032,苏泊尔,家电,融资融券;深股通;操盘手80;汇金持股;基金增仓;国际板;QFII持股;家用电器;金属、非金属;浙江;耐用消费品与服装;
300123,太阳鸟,船舶制造,三沙概念;航天军工;大订单;海洋经济;海洋工程;国防军工;机械、设备、仪表;湖南;资本货物;
002452,长高集团,电气设备,新能源汽车;智能电网;汇金持股;能源互联网;智慧城市;充电桩;电气设备;机械、设备、仪表;湖南;资本货物;
002212,南洋股份,电气设备,电力改革;深股通;国家安全;充电桩;新能源汽车;电气设备;机械、设备、仪表;广东;资本货物;
002478,常宝股份,金属制品,汇金持股;核电核能;民营医院;参股金融;高送转;重组并购;一带一路;增持回购;钢铁;金属、非金属;江苏;原材料;
002302,西部建设,建材,国资委整合;汇金持股;混改;昨日涨停;西部开发;深股通;一带一路;融资融券;建筑材料;金属、非金属;新疆;原材料;
300090,盛运股份,环境保护,节能环保;大订单;融资融券;美丽中国;转融券;深股通;股权投资;循环经济;PPP概念;PM2.5;深成500;公用事业;机械、设备、仪表;安徽;资本货物;
000030,*ST盛润A,汽车配件,汇金持股;深投系;融资融券;振兴东北;基金增仓;地方国资整合;操盘手80;证金持股;深股通;参股金融;汽车;其他制造业;吉林;汽车与汽车零部件;
300099,尤洛卡,仪器仪表,大订单;航天军工;机械设备;机械、设备、仪表;山东;资本货物;
002221,东华能源,石油石化,天然气概念;基金增仓;预盈预增;转融券;中证500;深股通;深成500;页岩气;融资融券;化工;批发和零售贸易;江苏;能源;
002201,九鼎新材,复合材料,员工持股;新材料;航天军工;风能;农村金融;化工;金属、非金属;江苏;原材料;
002276,万马电缆,电气设备,核电核能;航天军工;中证500;深股通;智能电网;转融券;融资融券;深成500;涉矿概念;充电桩;电气设备;机械、设备、仪表;浙江;资本货物;
300033,同花顺,软件及系统,深股通;沪深300;TMT概念;汇金持股;移动软件;深成500;博彩概念;高价;电子商务;预亏预减;计算机;信息技术业;浙江;软件与服务;
002473,圣莱达,家电,壳资源;增持回购;家用电器;电子;浙江;耐用消费品与服装;
002006,精功科技,专用设备,蓝宝石;太阳能;机械设备;机械、设备、仪表;浙江;资本货物;
002516,江苏旷达,汽车配件,汇金持股;养老概念;中概股回归;深股通;太阳能;纺织服装;纺织、服装、皮毛;江苏;耐用消费品与服装;
300176,鸿特精密,汽车配件,中盘;汇金持股;新能源汽车;汽车;机械、设备、仪表;广东;汽车与汽车零部件;
002551,尚荣医疗,医疗服务,中证500;定向增发;深股通;健康中国;汇金持股;养老概念;智慧城市;再融资;新三板;医药生物;机械、设备、仪表;广东;医疗保健设备与服务;
002067,景兴纸业,造纸,股权激励;深成500;深股通;新三板;融资融券;智能制造;转融券;轻工制造;造纸、印刷;浙江;原材料;
300142,沃森生物,生物制品,婴童概念;特种药;新三板;深成500;深股通;医药生物;医药、生物制品;云南;制药与生物科技;
002410,广联达,软件及系统,智慧城市;融资融券;电子商务;基金增仓;转融券;TMT概念;中证500;深成500;中价;深股通;央视50;计算机;信息技术业;北京;软件与服务;
002110,三钢闽光,钢铁,海西概念;债转股;基金增仓;地方国资整合;钢铁;金属、非金属;福建;原材料;
002026,山东威达,机械配件,汇金持股;双创概念;智能制造;机械设备;金属、非金属;山东;资本货物;
002408,齐翔腾达,化工,基金增仓;股权转让;转融券;中证500;深股通;融资融券;预盈预增;汇金持股;新材料;化工;石油、化学、塑胶、塑料;山东;原材料;
300009,安科生物,生物制品,安徽自贸区;深股通;深成500;特种药;精准医疗;民营医院;医药生物;医药、生物制品;安徽;制药与生物科技;
300039,上海凯宝,中药,特种药;深股通;转融券;汇金持股;融资融券;抗病毒;QFII持股;增持回购;中证500;医药生物;医药、生物制品;上海;制药与生物科技;
002258,利尔化学,农药,国资委整合;新三板;西部开发;增持回购;基金增仓;特色化工;汇金持股;化工;石油、化学、塑胶、塑料;四川;原材料;
002237,恒邦股份,有色矿采,深股通;转融券;融资融券;深成500;汇金持股;员工持股;基金增仓;黄金概念;有色金属;金属、非金属;山东;原材料;
002389,南洋科技,电子元器件,汇金持股;无人机;石墨烯;智能手机;太阳能;重组并购;锂电池;深股通;地方国资整合;新能源汽车;超级电容;电子;电子;浙江;技术硬件与设备;
002274,华昌化工,化肥,IPO受益;节能环保;股权投资;深股通;重组并购;燃料电池;化工;石油、化学、塑胶、塑料;江苏;原材料;
002019,鑫富药业,医药制造,中证500;定向增发;深成500;再融资;维生素;深股通;医药生物;医药、生物制品;浙江;制药与生物科技;
002329,皇氏乳业,食品饮料,婴童概念;深股通;港股通(深);深成500;股权冻结;电子商务;中概股回归;港股通;食品饮料;食品、饮料;广西;食品、饮料与烟草;
300184,力源信息,综合行业,能源互联网;智能电网;电子商务;物联网;重组并购;预盈预增;智能穿戴;电子;批发和零售贸易;湖北;技术硬件与设备;
002319,乐通股份,化工,港股通;电子商务;港股通(深);石墨烯;股权转让;汇金持股;广东自贸区;化工;石油、化学、塑胶、塑料;广东;原材料;
300154,瑞凌股份,专用设备,智能制造;机械设备;机械、设备、仪表;广东;资本货物;
002331,皖通科技,软件及系统,基金增仓;中价;智能汽车;港股通(深);智慧城市;安徽自贸区;共享经济;重组并购;计算机;信息技术业;安徽;软件与服务;
002118,紫鑫药业,中药,农村金融;精准医疗;基金增仓;中证500;振兴东北;转融券;深股通;参股金融;融资融券;医药生物;医药、生物制品;吉林;制药与生物科技;
002044,江苏三友,医疗服务,深成500;预亏预减;重组并购;汇金持股;健康中国;深股通;纺织服装;纺织、服装、皮毛;江苏;医疗保健设备与服务;
002504,东光微电,工程建筑,深股通;AR概念;虚拟现实;建筑装饰;电子;北京;资本货物;
002042,华孚色纺,纺织,融资融券;东盟自贸区;一带一路;农村金融;深股通;纺织服装;纺织、服装、皮毛;安徽;耐用消费品与服装;
300112,万讯自控,仪器仪表,智能制造;再融资;量子通信;定向增发;机械设备;机械、设备、仪表;广东;技术硬件与设备;
002179,中航光电,电子元器件,深股通;中证500;大飞机;新三板;中航系;融资融券;深成500;转融券;汇金持股;航天军工;量子通信;国资委整合;电子;电子;河南;技术硬件与设备;
300089,长城集团,互联网,手机游戏;新媒体;在线教育;轻工制造;金属、非金属;广东;耐用消费品与服装;
002308,威创股份,电子设备,智慧城市;中价;智能手机;国家安全;转融券;增持回购;深股通;中证500;深成500;婴童概念;航天军工;在线教育;融资融券;TMT概念;计算机;信息技术业;广东;技术硬件与设备;
002294,信立泰,医药制造,深成500;汇金持股;深股通;融资融券;特种药;转融券;医药生物;医药、生物制品;广东;制药与生物科技;
002361,神剑股份,化工,无人机;金融改革;航天军工;安徽自贸区;化工;石油、化学、塑胶、塑料;安徽;原材料;
002336,人人乐,零售业,电子商务;摘帽;ST;商业贸易;批发和零售贸易;广东;食品与主要用品零售;
300027,华谊兄弟,文化传媒,网络游戏;3D影视;深成500;数字电影;电子竞技;新三板;三网融合;股权投资;深股通;央视50;转融券;深证100;融资融券;沪深300;虚拟现实;TMT概念;传媒;传播与文化产业;浙江;媒体;
002211,宏达新材,化工,新材料;化工;石油、化学、塑胶、塑料;江苏;原材料;
002483,润邦股份,专用设备,基金增仓;新三板;节能环保;海洋工程;机械设备;机械、设备、仪表;江苏;资本货物;
300050,世纪鼎利,通信服务,4G5G;新三板;重组并购;明星基金;广东自贸区;在线教育;员工持股;物联网;移动软件;通信;信息技术业;广东;软件与服务;
002554,惠博普,石油石化,一带一路;深股通;大订单;页岩气;天然气概念;采掘;采掘业;北京;能源;
300107,建新股份,化工,通用航空;汇金持股;循环经济;特色化工;基金增仓;化工;石油、化学、塑胶、塑料;河北;原材料;
002171,精诚铜业,有色金属,深股通;循环经济;安徽自贸区;3D打印;中盘;航天军工;金融改革;新材料;锂电池;财政扶持;有色金属;金属、非金属;安徽;原材料;
300111,向日葵,轻工产品,重组并购;充电桩;中盘;低价;再融资;汇金持股;预亏预减;太阳能;定向增发;电气设备;电子;浙江;技术硬件与设备;
002305,南国置业,房地产,内陆自贸区;国资委整合;低价;深股通;中盘;电子商务;房地产;房地产业;湖北;房地产;
002014,永新股份,包装印刷,举牌;地方国资整合;轻工制造;石油、化学、塑胶、塑料;安徽;原材料;
002262,恩华药业,医药制造,深股通;转融券;融资融券;QFII持股;智慧城市;健康中国;电子商务;医药生物;批发和零售贸易;江苏;制药与生物科技;
002368,太极股份,软件及系统,云计算;明星基金;新三板;深股通;国家安全;去IOE概念;转融券;航天军工;融资融券;TMT概念;重组并购;国资委整合;中证500;智慧城市;混改;节能环保;深成500;计算机;信息技术业;北京;软件与服务;
002514,宝馨科技,金属制品,循环经济;储能概念;节能环保;机械设备;金属、非金属;江苏;资本货物;
002566,益盛药业,中药,汇金持股;振兴东北;医药生物;医药、生物制品;吉林;制药与生物科技;
002422,科伦药业,医药制造,中证500;成渝特区;透析;深股通;深成500;中价;特种药;医药生物;医药、生物制品;四川;制药与生物科技;
002089,新海宜,通信设备,航天军工;IPV6;宽带中国;智慧城市;三网融合;锂电池;金融改革;云计算;深股通;预盈预增;量子通信;手机游戏;高送转;深成500;中价;新三板;通信;信息技术业;江苏;技术硬件与设备;
002263,大东南,塑胶制品,锂电池;深股通;低价;网络游戏;新能源汽车;手机游戏;生态农业;超级电容;电子商务;化工;石油、化学、塑胶、塑料;浙江;原材料;
300117,嘉寓股份,建材,节能环保;智能制造;锂电池;大订单;建筑材料;建筑业;北京;资本货物;
300169,天晟新材,复合材料,节能环保;新材料;定向增发;再融资;举牌;高铁;智能手机;电子支付;化工;石油、化学、塑胶、塑料;江苏;原材料;
300049,福瑞股份,医疗服务,特种药;健康中国;明星基金;民营医院;汇金持股;智慧城市;电子商务;深股通;医药生物;医药、生物制品;内蒙古;制药与生物科技;
002079,苏州固锝,电子元器件,智能手机;双创概念;智能穿戴;新材料;物联网;深股通;融资融券;转融券;电子;电子;江苏;半导体与半导体生产设备;
002511,中顺洁柔,造纸,明星基金;婴童概念;轻工制造;造纸、印刷;广东;家庭与个人用品;
300029,天龙光电,专用设备,股权转让;蓝宝石;大订单;汇金持股;太阳能;电气设备;机械、设备、仪表;江苏;半导体与半导体生产设备;
300157,恒泰艾普,石油石化,油改概念;转融券;深股通;页岩气;股权激励;融资融券;新三板;采掘;采掘业;北京;能源;
002235,安妮股份,造纸,博彩概念;增持回购;虚拟现实;基金增仓;中价;电子商务;新媒体;轻工制造;造纸、印刷;福建;原材料;
002559,亚威股份,机床设备,3D打印;举牌;智能制造;双创概念;机械设备;机械、设备、仪表;江苏;资本货物;
000400,许继电气,电气设备,证金持股;智能电网;许继系;招商证券系;汇金持股;混改;港股通;国资委整合;能源互联网;充电桩;深股通;中证500;节能环保;港股通(深);深成500;电力改革;融资融券;大订单;转融券;储能概念;电气设备;机械、设备、仪表;河南;资本货物;
002545,东方铁塔,金属制品,涉矿概念;大订单;中韩自贸区;基金增仓;重组并购;3D打印;智能电网;建筑装饰;金属、非金属;山东;原材料;
002018,华星化工,石油石化,天然气概念;预盈预增;油改概念;中证500;港股通;特色化工;深成500;注资承诺;港股通(深);深股通;化工;石油、化学、塑胶、塑料;安徽;能源;
002173,山下湖,医疗服务,ST;民营医院;健康中国;摘帽;农林牧渔;其他制造业;浙江;耐用消费品与服装;
300143,星河生物,医疗服务,重组并购;民营医院;精准医疗;社保重仓;健康中国;农林牧渔;农、林、牧、渔业;广东;食品、饮料与烟草;
000020,深华发Ａ,电子元器件,赛格系;预盈预增;港股通;金融改革;股权冻结;港股通(深);广东自贸区;电子;电子;广东;技术硬件与设备;
002339,积成电子,电气设备,恒大概念;中盘;3D打印;物联网;大数据;航天军工;能源互联网;深股通;智能电网;参股金融;稀缺资源;智慧城市;电气设备;机械、设备、仪表;山东;资本货物;
002246,北化股份,化工,航天军工;成渝特区;重组并购;汇金持股;中盘;西部开发;国资委整合;混改;化工;石油、化学、塑胶、塑料;四川;原材料;
002343,禾欣股份,文化传媒,深股通;深成500;手机游戏;社保重仓;大订单;TMT概念;汇金持股;明星基金;化工;石油、化学、塑胶、塑料;浙江;媒体;
002394,联发股份,纺织,中盘;汇金持股;纺织服装;纺织、服装、皮毛;江苏;耐用消费品与服装;
300002,神州泰岳,软件及系统,券商重仓;汇金持股;大数据;电子商务;国家安全;移动软件;深股通;沪深300;手机游戏;深成500;去IOE概念;云计算;在线教育;融资融券;虚拟运营商;TMT概念;网络游戏;4G5G;物联网;转融券;计算机;信息技术业;北京;软件与服务;
300017,网宿科技,软件及系统,重组并购;TMT概念;融资融券;股权激励;明星基金;宽带中国;沪深300;深证100;IPV6;国家安全;4G5G;央视50;QFII持股;高送转;预亏预减;电子商务;深成500;云计算;深股通;转融券;通信;信息技术业;上海;软件与服务;
002240,威华股份,木材家具,壳资源;锂电池;预盈预增;股权转让;美丽中国;轻工制造;木材、家具;广东;原材料;
002439,启明星辰,软件及系统,大数据;深股通;转融券;新三板;去IOE概念;IPV6;融资融券;明星基金;中证500;深成500;地理信息;QFII持股;国家安全;TMT概念;计算机;信息技术业;北京;软件与服务;
300087,荃银高科,农林,生态农业;举牌;基金增仓;农林牧渔;农、林、牧、渔业;安徽;食品、饮料与烟草;
002039,黔源电力,电力,汇金持股;国资委整合;港股通(深);中价;整体上市;举牌;电力改革;公用事业;电力、煤气及水的生产和供应业;贵州;公用事业;
002228,合兴包装,包装印刷,海西概念;基金增仓;定向增发;低价;再融资;员工持股;轻工制造;造纸、印刷;福建;原材料;
002429,兆驰股份,家电,新媒体;LED;TMT概念;数字电视;深股通;高送转;智能穿戴;转融券;新三板;深成500;融资融券;网络游戏;家用电器;电子;广东;耐用消费品与服装;
002088,鲁阳股份,建材,预盈预增;节能环保;汇金持股;新材料;循环经济;建筑材料;金属、非金属;山东;原材料;
300100,双林股份,汽车配件,智能汽车;新能源汽车;深股通;重组并购;汽车;机械、设备、仪表;浙江;汽车与汽车零部件;
002300,太阳电缆,电气设备,中价;汇金持股;航天军工;电气设备;机械、设备、仪表;福建;资本货物;
002233,塔牌集团,水泥,深股通;QFII持股;转融券;融资融券;新材料;金融改革;中证500;预盈预增;港股通(深);建筑材料;金属、非金属;广东;原材料;
002547,春兴精工,金属制品,电子商务;智能制造;智能手机;新能源汽车;深股通;4G5G;电子;金属、非金属;江苏;原材料;
002402,和而泰,电子元器件,股权转让;智能穿戴;美丽中国;新三板;智能制造;深股通;再融资;LED;物联网;智慧城市;定向增发;电子;电子;广东;技术硬件与设备;
002265,西仪股份,汽车配件,国资委整合;大订单;重组并购;汇金持股;混改;航天军工;汽车;机械、设备、仪表;云南;汽车与汽车零部件;
002399,海普瑞,医药制造,转融券;深成500;增持回购;中证500;深股通;透析;融资融券;员工持股;医药生物;医药、生物制品;广东;制药与生物科技;
000150,宜华地产,医疗服务,青鸟系;养老概念;智慧城市;健康中国;预盈预增;明星基金;电子商务;深股通;特种药;房地产;房地产业;广东;医疗保健设备与服务;
002122,天马股份,机械配件,深股通;汇金持股;智能制造;IPO受益;高铁;风能;大数据;股权转让;中证500;参股金融;云计算;机械设备;机械、设备、仪表;浙江;资本货物;
002405,四维图新,软件及系统,转融券;深成500;重组并购;中证500;地理信息;深股通;员工持股;智能汽车;北斗导航;融资融券;汇金持股;深证100;新能源汽车;TMT概念;智慧城市;计算机;信息技术业;北京;软件与服务;
002132,恒星科技,金属制品,太阳能;新三板;金融改革;新材料;重组并购;机械设备;金属、非金属;河南;原材料;
300016,北陆药业,医药制造,精准医疗;特种药;深股通;医药生物;医药、生物制品;北京;制药与生物科技;
000157,中联重科,工程机械,一带一路;证金持股;节能环保;转融券;基金增仓;H股;汇金持股;沪深300;低市净率;湖南国资整合;大盘;股权投资;AH股;预亏预减;低价;深股通;破净股;参股金融;深成500;融资融券;农业机械;深证100;IPO受益;机械设备;机械、设备、仪表;湖南;资本货物;
300178,腾邦国际,旅游,深股通;参股金融;深成500;汇金持股;电子商务;基金增仓;债转股;电子支付;金融改革;休闲服务;社会服务业;广东;消费者服务;
002047,成霖股份,工程建筑,电子商务;员工持股;深成500;社保重仓;恒大概念;大订单;定向增发;一带一路;深股通;再融资;建筑装饰;金属、非金属;广东;资本货物;
002303,美盈森,包装印刷,定向增发;再融资;深股通;深成500;智能穿戴;参股金融;航天军工;电子商务;轻工制造;造纸、印刷;广东;原材料;
002544,杰赛科技,通信设备,航天军工;国资委整合;重组并购;中证500;新材料;IPV6;在线教育;深股通;深成500;TMT概念;云计算;汇金持股;4G5G;通信;信息技术业;广东;软件与服务;
002493,荣盛石化,石油石化,汇金持股;融资融券;基金增仓;深成500;转融券;SDR概念;中价;深股通;油改概念;大盘;化工;石油、化学、塑胶、塑料;浙江;原材料;
002176,江特电机,专用设备,中证500;深股通;新能源汽车;融资融券;深证100;深成500;涉矿概念;小金属;再融资;汇金持股;智能制造;定向增发;风能;锂电池;转融券;电气设备;机械、设备、仪表;江西;资本货物;
002161,远望谷,电子设备,再融资;IPO受益;高铁;食品安全;深股通;股权投资;定向增发;中证500;迪士尼;融资融券;物联网;地理信息;转融券;汇金持股;深成500;双创概念;电子;电子;广东;技术硬件与设备;
002224,三力士,塑胶制品,新材料;海洋工程;量子通信;航天军工;定向增发;深股通;深成500;再融资;化工;石油、化学、塑胶、塑料;浙江;汽车与汽车零部件;
000019,深深宝Ａ,食品饮料,深商投系;港股通;中价;广东国资整合;港股通(深);中盘;预盈预增;汇金持股;食品饮料;食品、饮料;广东;食品、饮料与烟草;
002138,顺络电子,电子元器件,明星基金;深股通;融资融券;深成500;公募增发;转融券;电子支付;再融资;移动软件;电子;电子;广东;技术硬件与设备;
300010,立思辰,软件及系统,去IOE概念;TMT概念;航天军工;在线教育;融资融券;中证500;基金增仓;国家安全;移动软件;转融券;智慧城市;深成500;深股通;中价;计算机;信息技术业;北京;软件与服务;
002040,南京港,港口,地方国资整合;一带一路;汇金持股;交通运输;交通运输、仓储业;江苏;运输;
002012,凯恩股份,造纸,金融改革;股权转让;新三板;特色化工;新能源汽车;汇金持股;中盘;农村金融;轻工制造;造纸、印刷;浙江;原材料;
002139,拓邦股份,电子元器件,太阳能;国家安全;智能制造;智慧城市;预盈预增;锂电池;物联网;深股通;新能源汽车;基金增仓;电子;电子;广东;技术硬件与设备;
002111,威海广泰,航天国防,航天军工;无人机;明星基金;中韩自贸区;QFII持股;港股通(深);深股通;中盘;通用航空;机械设备;机械、设备、仪表;山东;资本货物;
002496,辉丰股份,农药,低价;金融改革;电子商务;基金增仓;新三板;重组并购;深股通;农村金融;参股金融;化工;石油、化学、塑胶、塑料;江苏;原材料;
002534,杭锅股份,专用设备,太阳能;大订单;汇金持股;核电核能;预盈预增;电气设备;机械、设备、仪表;浙江;资本货物;
002245,澳洋顺昌,仓储物流,LED;锂电池;双创概念;深股通;QFII持股;智慧城市;深成500;交通运输;社会服务业;江苏;运输;
002505,大康牧业,牧渔,婴童概念;深股通;深成500;股权激励;低价;生猪概念;中证500;农林牧渔;农、林、牧、渔业;湖南;食品、饮料与烟草;
002430,杭氧股份,专用设备,地方国资整合;QFII持股;债转股;基金增仓;汇金持股;煤化工;机械设备;机械、设备、仪表;浙江;资本货物;
002372,伟星新材,塑胶制品,融资融券;节能环保;基金增仓;水利;石墨烯;海绵城市;保障房;汇金持股;深股通;建筑材料;石油、化学、塑胶、塑料;浙江;资本货物;
002199,东晶电子,电子元器件,金融改革;摘帽;股权转让;预盈预增;QFII持股;港股通(深);港股通;电子;电子;浙江;技术硬件与设备;
002164,东力传动,机械配件,风能;重组并购;基金增仓;农村金融;机械设备;机械、设备、仪表;浙江;资本货物;
002177,御银股份,电子设备,深股通;农村金融;电子支付;金融IC卡;生物识别;汇金持股;基金增仓;电子商务;金融改革;计算机;机械、设备、仪表;广东;技术硬件与设备;
300007,汉威电子,仪器仪表,深股通;智慧城市;智能电网;智能穿戴;节能环保;PM2.5;大订单;物联网;机械设备;机械、设备、仪表;河南;技术硬件与设备;
002330,得利斯,食品饮料,中盘;生猪概念;财政扶持;重组并购;食品饮料;食品、饮料;山东;食品、饮料与烟草;
002376,新北洋,IT设备,中韩自贸区;定向增发;博彩概念;去IOE概念;地方国资整合;再融资;债转股;明星基金;智能制造;券商重仓;央视50;物联网;汇金持股;新三板;深股通;计算机;信息技术业;山东;技术硬件与设备;
300068,南都电源,轻工产品,深成500;新能源汽车;石墨烯;能源互联网;储能概念;循环经济;燃料电池;核电核能;深股通;重组并购;节能环保;锂电池;电气设备;机械、设备、仪表;浙江;资本货物;
002542,中化岩土,工程建筑,大订单;重组并购;煤化工;中盘;深股通;通用航空;参股金融;汇金持股;建筑装饰;建筑业;北京;资本货物;
300053,欧比特,电子元器件,转融券;再融资;智能穿戴;智慧城市;北斗导航;生物识别;中盘;深股通;深成500;定向增发;网络游戏;航天军工;广东自贸区;地理信息;新三板;融资融券;电子;电子;广东;半导体与半导体生产设备;
002458,益生股份,牧渔,深股通;股权激励;生猪概念;预亏预减;农林牧渔;农、林、牧、渔业;山东;食品、饮料与烟草;
300091,金通灵,机械配件,航天军工;无人机;再融资;定向增发;机械设备;机械、设备、仪表;江苏;资本货物;
300096,易联众,软件及系统,在线教育;新三板;养老概念;健康中国;物联网;电子支付;中盘;金融IC卡;智慧城市;云计算;深股通;深成500;中价;参股金融;计算机;信息技术业;福建;软件与服务;
300081,恒信移动,通信服务,移动软件;中价;虚拟现实;AR概念;4G5G;深股通;通信;批发和零售贸易;河北;零售业;
300151,昌红科技,专用设备,深股通;基金增仓;精准医疗;机械设备;机械、设备、仪表;广东;资本货物;
000026,飞亚达Ａ,轻工产品,中航系;航天军工;中价;国资委整合;轻工制造;批发和零售贸易;广东;零售业;
002200,绿大地,园林工程,PPP概念;员工持股;美丽中国;地方国资整合;基金增仓;大订单;建筑装饰;农、林、牧、渔业;云南;资本货物;
002123,荣信股份,电气设备,振兴东北;增持回购;智能电网;股权转让;大订单;节能环保;IPO受益;股权投资;深成500;中价;充电桩;共享经济;深股通;中证500;循环经济;电气设备;机械、设备、仪表;辽宁;资本货物;
002268,卫士通,软件及系统,中证500;深股通;深成500;国资委整合;云计算;电子支付;IPV6;去IOE概念;转融券;融资融券;QFII持股;国家安全;航天军工;TMT概念;成渝特区;计算机;信息技术业;四川;软件与服务;
002283,天润曲轴,汽车配件,预盈预增;重组并购;深股通;汽车;机械、设备、仪表;山东;汽车与汽车零部件;
002076,雪莱特,家电,高送转;无人机;大订单;智能制造;增持回购;PM2.5;充电桩;LED;电子;机械、设备、仪表;广东;耐用消费品与服装;
002352,鼎泰新材,仓储物流,汇金持股;重组并购;高价;举牌;深股通;交通运输;金属、非金属;安徽;运输;
300105,龙源技术,环境保护,PM2.5;汇金持股;股权转让;节能环保;国资委整合;美丽中国;电气设备;机械、设备、仪表;山东;资本货物;
300170,汉得信息,软件及系统,深股通;转融券;明星基金;融资融券;深成500;大数据;计算机;信息技术业;上海;软件与服务;
300020,银江股份,软件及系统,AR概念;深成500;大订单;重组并购;食品安全;中价;智慧城市;地理信息;新三板;股权投资;深股通;智能汽车;参股金融;转融券;PPP概念;融资融券;虚拟现实;计算机;信息技术业;浙江;软件与服务;
002168,深圳惠程,电气设备,体育概念;港股通(深);超级电容;网络游戏;股权转让;深股通;中证500;储能概念;新材料;重组并购;汇金持股;壳资源;深成500;电气设备;机械、设备、仪表;广东;资本货物;
002011,盾安环境,家电,中证500;智能制造;股权投资;美丽中国;核电核能;转融券;地热;新能源汽车;汇金持股;深股通;融资融券;新三板;家用电器;机械、设备、仪表;浙江;资本货物;
002370,亚太药业,医药制造,基金增仓;医药生物;医药、生物制品;浙江;制药与生物科技;
000027,深圳能源,电力,深投系;风能;证金持股;广东国资整合;股权投资;融资融券;新三板;电力改革;沪深300;天然气概念;双创概念;转融券;节能环保;深股通;参股金融;港股通;汇金持股;循环经济;深成500;港股通(深);太阳能;公用事业;电力、煤气及水的生产和供应业;广东;公用事业;
002015,霞客环保,化纤,循环经济;美丽中国;节能环保;化工;纺织、服装、皮毛;江苏;耐用消费品与服装;
002197,证通电子,电子设备,云计算;新三板;LED;博彩概念;深成500;大数据;电子支付;金融IC卡;深股通;移动软件;中价;计算机;机械、设备、仪表;广东;技术硬件与设备;
002549,凯美特气,化工,燃料电池;明星基金;中盘;债转股;化工;其他制造业;湖南;商业和专业服务;
002053,云南盐化,化工,地方国资整合;注资承诺;汇金持股;盐改概念;天然气概念;化工;石油、化学、塑胶、塑料;云南;食品、饮料与烟草;
002509,天广消防,综合行业,深股通;美丽中国;操盘手80;大订单;基金增仓;重组并购;机械设备;机械、设备、仪表;福建;资本货物;
002184,海得控制,仪器仪表,迪士尼;航天军工;核电核能;智能电网;智能制造;风能;电气设备;机械、设备、仪表;上海;资本货物;
002081,金螳螂,工程建筑,QFII持股;转融券;深股通;体育概念;PPP概念;汇金持股;融资融券;电子商务;深证100;员工持股;恒大概念;深成500;沪深300;基金增仓;建筑装饰;建筑业;江苏;资本货物;
002156,通富微电,电子元器件,券商重仓;电子支付;深股通;新能源汽车;双创概念;深成500;电子;电子;江苏;半导体与半导体生产设备;
002301,齐心文具,轻工产品,定向增发;智慧城市;基金增仓;再融资;深股通;婴童概念;电子商务;轻工制造;造纸、印刷;广东;商业和专业服务;
002232,启明信息,软件及系统,在线教育;地理信息;振兴东北;汇金持股;国资委整合;智慧城市;虚拟现实;基金增仓;北斗导航;物联网;智能汽车;计算机;信息技术业;吉林;软件与服务;
300075,数字政通,软件及系统,深成500;共享经济;物联网;PPP概念;定向增发;再融资;智慧城市;地理信息;深股通;北斗导航;计算机;信息技术业;北京;软件与服务;
002461,珠江啤酒,酿酒,广东国资整合;体育概念;深股通;转融券;员工持股;融资融券;广东自贸区;汇金持股;食品饮料;食品、饮料;广东;食品、饮料与烟草;
002477,雏鹰农牧,牧渔,券商重仓;低价;生态农业;电子商务;生猪概念;深股通;参股金融;电子竞技;深成500;中证500;农林牧渔;农、林、牧、渔业;河南;食品、饮料与烟草;
002084,海鸥卫浴,建材,智慧城市;地热;国际板;电子商务;虚拟现实;股权激励;沪台通;新三板;基金增仓;轻工制造;金属、非金属;广东;资本货物;
300034,钢研高纳,复合材料,新材料;京津冀;国资委整合;转融券;航天军工;深股通;汇金持股;融资融券;大飞机;央视50;机械设备;金属、非金属;北京;原材料;
002130,沃尔核材,复合材料,中盘;风能;股权投资;核电核能;新材料;股权激励;深股通;融资融券;深成500;转融券;有色金属;其他制造业;广东;资本货物;
002192,路翔股份,复合材料,锂电池;深股通;汇金持股;新能源汽车;在线教育;化工;石油、化学、塑胶、塑料;广东;技术硬件与设备;
002210,飞马国际,仓储物流,物联网;深股通;节能环保;上海自贸区;广东自贸区;智慧城市;重组并购;交通运输;社会服务业;广东;运输;
002426,胜利精密,金属制品,新材料;智能制造;智能手机;沪深300;举牌;锂电池;深股通;新三板;深成500;重组并购;机械设备;电子;江苏;耐用消费品与服装;
300024,机器人,仪器仪表,航天军工;深成500;大盘;智能制造;新三板;大订单;振兴东北;股权投资;深股通;参股金融;3D打印;央视50;国资委整合;转融券;深证100;新材料;汇金持股;融资融券;沪深300;机械设备;机械、设备、仪表;辽宁;资本货物;
300133,华策影视,文化传媒,电子商务;虚拟现实;数字电视;3D影视;社保重仓;AR概念;QFII持股;网红经济;手机游戏;新三板;深股通;沪深300;转融券;TMT概念;网络游戏;新媒体;融资融券;数字电影;深成500;传媒;传播与文化产业;浙江;媒体;
002520,日发数码,机床设备,航天军工;智能制造;机械设备;机械、设备、仪表;浙江;资本货物;
002411,九九久,医药制造,基金增仓;新能源汽车;深成500;锂电池;深股通;操盘手80;化工;石油、化学、塑胶、塑料;江苏;制药与生物科技;
002417,三元达,通信设备,电子商务;宽带中国;重组并购;移动软件;中价;参股金融;通信;信息技术业;福建;技术硬件与设备;
002113,ST天润,互联网,手机游戏;重组并购;汇金持股;壳资源;综合;石油、化学、塑胶、塑料;湖南;软件与服务;
002367,康力电梯,专用设备,智能制造;员工持股;深股通;融资融券;增持回购;机械设备;机械、设备、仪表;江苏;资本货物;
002148,北纬通信,通信服务,手机游戏;4G5G;新三板;新媒体;智能手机;转融券;高送转;智慧城市;虚拟运营商;网络游戏;双创概念;融资融券;传媒;信息技术业;北京;电信业务;
300032,金龙机电,机械配件,深股通;智能汽车;新材料;智能手机;深成500;虚拟现实;中价;QFII持股;智能穿戴;中证500;蓝宝石;电子;电子;浙江;技术硬件与设备;
300092,科新机电,专用设备,汇金持股;基金增仓;核电核能;机械设备;机械、设备、仪表;四川;资本货物;
002007,华兰生物,生物制品,港股通(深);抗病毒;大盘;转融券;特种药;汇金持股;深股通;融资融券;明星基金;港股通;深证100;深成500;沪深300;医药生物;医药、生物制品;河南;制药与生物科技;
002133,广宇集团,房地产,舟山自贸区;金融改革;新三板;房地产;房地产业;浙江;房地产;
002538,司尔特,化肥,生态农业;电子商务;特色化工;深股通;股权转让;融资融券;涉矿概念;化工;石油、化学、塑胶、塑料;安徽;原材料;
002215,诺普信,农药,深股通;生态农业;金融改革;电子商务;明星基金;新三板;参股金融;特色化工;化工;石油、化学、塑胶、塑料;广东;原材料;
002285,世联地产,房地产,电子商务;融资融券;QFII持股;养老概念;中证500;新三板;深成500;共享经济;债转股;转融券;再融资;定向增发;汇金持股;金融改革;深股通;健康中国;房地产;房地产业;广东;房地产;
002092,中泰化学,化工,再融资;预盈预增;新三板;基金增仓;中证500;定向增发;石墨烯;深成500;地方国资整合;转融券;IPO受益;深股通;煤化工;汇金持股;节能环保;融资融券;化工;石油、化学、塑胶、塑料;新疆;原材料;
002267,陕天然气,公用事业,地方国资整合;再融资;转融券;融资融券;汇金持股;天然气概念;西部开发;深股通;券商重仓;定向增发;公用事业;电力、煤气及水的生产和供应业;陕西;公用事业;
002442,龙星化工,化工,京津冀;汇金持股;股权转让;化工;石油、化学、塑胶、塑料;河北;原材料;
002383,合众思壮,通信设备,智慧城市;国家安全;地理信息;高送转;深股通;物联网;通用航空;北斗导航;股权激励;计算机;信息技术业;北京;技术硬件与设备;
002061,江山化工,化工,摘帽;地方国资整合;壳资源;注资承诺;汇金持股;预盈预增;化工;石油、化学、塑胶、塑料;浙江;原材料;
002136,安纳达,化工,SDR概念;举牌;预盈预增;新材料;循环经济;地方国资整合;汇金持股;化工;石油、化学、塑胶、塑料;安徽;原材料;
002501,利源铝业,有色金属,振兴东北;深股通;新能源汽车;深成500;定向增发;融资融券;航天军工;QFII持股;转融券;智能手机;高铁;再融资;有色金属;金属、非金属;吉林;原材料;
300132,青松股份,化工,股权转让;化工;石油、化学、塑胶、塑料;福建;原材料;
002398,建研集团,建材,节能环保;股权激励;海西概念;新三板;建筑材料;社会服务业;福建;原材料;
002190,成飞集成,汽车配件,储能概念;再融资;中航系;预亏预减;中证500;定向增发;深成500;转融券;国资委整合;锂电池;深股通;航天军工;汇金持股;新能源汽车;成渝特区;融资融券;国防军工;机械、设备、仪表;四川;技术硬件与设备;
300158,振东制药,中药,特种药;中盘;医药生物;医药、生物制品;山西;制药与生物科技;
002188,新嘉联,文化传媒,虚拟运营商;汇金持股;网红经济;电子;电子;浙江;技术硬件与设备;
002230,科大讯飞,软件及系统,深证100;重组并购;央视50;在线教育;转融券;融资融券;深成500;云计算;沪深300;深股通;安徽自贸区;生物识别;汇金持股;智慧城市;大盘;智能手机;智能穿戴;智能制造;新媒体;股权激励;智能汽车;TMT概念;计算机;信息技术业;安徽;软件与服务;
002490,山东墨龙,专用设备,汇金持股;页岩气;海洋工程;融资融券;转融券;深股通;油改概念;AH股;机械设备;机械、设备、仪表;山东;能源;
002560,通达股份,电气设备,再融资;大订单;定向增发;通用航空;内陆自贸区;智能电网;航天军工;电气设备;机械、设备、仪表;河南;资本货物;
002373,联信永益,软件及系统,通用航空;增持回购;深成500;共享经济;中证500;智慧城市;三网融合;智能汽车;汇金持股;深股通;计算机;信息技术业;北京;软件与服务;
002017,东信和平,电子元器件,广东自贸区;基金增仓;定向增发;国资委整合;再融资;汇金持股;物联网;电子支付;金融IC卡;通信;电子;广东;技术硬件与设备;
300141,和顺电气,电气设备,充电桩;电力改革;汇金持股;智能电网;电气设备;机械、设备、仪表;江苏;资本货物;
300059,东方财富,互联网,沪深300;转融券;汇金持股;预亏预减;电子商务;深股通;深成500;大盘;参股金融;博彩概念;中价;重组并购;TMT概念;中证100;融资融券;深证100;移动软件;传媒;信息技术业;上海;软件与服务;
300093,金刚玻璃,建材,大订单;融资融券;基金增仓;转融券;智慧城市;太阳能;电子商务;重组并购;新材料;建筑材料;金属、非金属;广东;资本货物;
002152,广电运通,电子设备,沪深300;重组并购;转融券;电子支付;金融IC卡;生物识别;QFII持股;深股通;去IOE概念;融资融券;广东国资整合;国家安全;高铁;明星基金;深成500;计算机;机械、设备、仪表;广东;技术硬件与设备;
002421,达实智能,软件及系统,大订单;智慧城市;操盘手80;基金增仓;深股通;深成500;PPP概念;高铁;国家安全;节能环保;计算机;信息技术业;广东;软件与服务;
300097,智云股份,仪器仪表,大订单;智能制造;振兴东北;基金增仓;高价;智能穿戴;再融资;深股通;定向增发;机械设备;机械、设备、仪表;辽宁;资本货物;
002131,利欧股份,互联网,中价;电子商务;券商重仓;金融改革;水利;深股通;智能汽车;高送转;新三板;TMT概念;沪深300;深成500;农村金融;操盘手80;基金增仓;传媒;机械、设备、仪表;浙江;软件与服务;
002143,高金食品,文化传媒,三网融合;3D影视;电子竞技;员工持股;汇金持股;深成500;深股通;传媒;食品、饮料;四川;媒体;
002299,圣农发展,牧渔,深成500;券商重仓;沪深300;深股通;电子商务;融资融券;QFII持股;转融券;农林牧渔;农、林、牧、渔业;福建;食品、饮料与烟草;
002231,奥维通信,通信设备,振兴东北;移动软件;员工持股;预亏预减;宽带中国;基金增仓;物联网;4G5G;通信;信息技术业;辽宁;技术硬件与设备;
002021,中捷股份,轻工机械,金融改革;电子商务;农村金融;涉矿概念;机械设备;机械、设备、仪表;浙江;资本货物;
002054,德美化工,化工,股权投资;参股金融;双创概念;农村金融;汇金持股;新三板;化工;石油、化学、塑胶、塑料;广东;原材料;
002114,罗平锌电,有色金属,地方国资整合;小金属;汇金持股;深股通;中盘;有色金属;金属、非金属;云南;原材料;
002273,水晶光电,电子元器件,智能手机;AR概念;智能穿戴;新材料;航天军工;中证500;深股通;蓝宝石;定向增发;转融券;融资融券;深成500;再融资;生物识别;汇金持股;虚拟现实;太阳能;电子;电子;浙江;技术硬件与设备;
002539,新都化工,化肥,生态农业;电子商务;成渝特区;盐改概念;深股通;社保重仓;电子竞技;明星基金;SDR概念;化工;石油、化学、塑胶、塑料;四川;原材料;
